Herz,Benjamin,BenjaminHerz@rhyta.com,"Heiligengeistbrücke 27",91632,Wieseth,"09822 48 43 50"
Engel,Sebastian,SebastianEngel@teleworm.us,"Hoheluftchaussee 38",06724,Bröckau,"034423 60 05"
Pfaff,Simone,SimonePfaff@einrot.com,"Nuernbergerstrasse 7",27801,Dötlingen,"04433 81 50 36"
Hueber,Anna,AnnaHueber@rhyta.com,"Fischerinsel 84",41751,"Viersen Nette","02162 37 88 26"
Reinhardt,Andrea,AndreaReinhardt@gustr.com,"Stresemannstr. 71",66564,Ottweiler,"06858 69 63 10"
Drechsler,Laura,LauraDrechsler@superrito.com,"Scharnweberstrasse 51",69517,Gorxheimertal,"06201 92 82 54"
Schwab,Uwe,UweSchwab@superrito.com,"Augsburger Strasse 54",53539,Kelberg,"02692 27 73 69"
Boehm,Sabrina,SabrinaBoehm@superrito.com,"Pasewalker Straße 47",76532,Baden-Baden,"07221 90 99 67"
Boehm,Ralph,RalphBoehm@gustr.com,"Neuer Jungfernstieg 35",98701,Allersdorf,"08772 60 62 87"
Ackerman,Dominik,DominikAckerman@armyspy.com,"Leipziger Strasse 76",68549,Ilvesheim,"0621 41 45 95"
Schwab,Gabriele,GabrieleSchwab@jourrapide.com,"Ellmenreichstrasse 82",91350,Gremsdorf,"09195 85 27 65"
Engel,Melanie,MelanieEngel@gustr.com,"Sonnenallee 42",86026,Augsburg,"0821 50 47 28"
Eisenhauer,Torsten,TorstenEisenhauer@gustr.com,"Kastanienallee 27",25823,"St Peter-Ording","04863 68 68 18"
Weisz,Patrick,PatrickWeisz@teleworm.us,"Esplanade 64",93107,Thalmassing,"09405 95 75 31"
Braun,Steffen,SteffenBraun@gustr.com,"Schaarsteinweg 2",93305,Kelheim,"09441 89 34 50"
Schwab,Kristian,KristianSchwab@einrot.com,"Rudower Chaussee 72",23505,Lübeck,"01805 54 57 42"
Vogel,Kevin,KevinVogel@jourrapide.com,"Stresemannstr. 72",66606,"Sankt Wendel","06851 22 42 66"
Reinhardt,Nadine,NadineReinhardt@teleworm.us,"Rhinstrasse 18",81218,München,"089 45 74 65"
Baum,Petra,PetraBaum@jourrapide.com,"Konstanzer Strasse 2",63811,Stockstadt,"06027 69 25 74"
Grunewald,Mathias,MathiasGrunewald@teleworm.us,"Paul-Nevermann-Platz 17",97602,"Bad Neustadt","09771 46 26 41"
Schmitz,Lena,LenaSchmitz@rhyta.com,"Schaarsteinweg 34",94363,Oberschneiding,"09424 66 94 83"
Schwab,Sabrina,SabrinaSchwab@dayrep.com,"Rankestraße 1",85280,Wolnzach,"08442 89 78 11"
Schmitz,Heike,HeikeSchmitz@superrito.com,"Knesebeckstrasse 64",55758,Asbach,"02683 22 26 47"
Zweig,Ute,UteZweig@superrito.com,"Schaarsteinweg 67",92409,Schwandorf,"09431 25 73 72"
Bieber,Tim,TimBieber@superrito.com,"Messedamm 94",06043,Halle,"0345 41 87 35"
Schwab,Uwe,UweSchwab@fleckens.hu,"Genslerstraße 98",13585,"Berlin Spandau","030 80 65 72"
Dreher,Eric,EricDreher@einrot.com,"Schmarjestrasse 18",15896,Neuzelle,"033652 55 41"
Baum,René,ReneBaum@jourrapide.com,"Konstanzer Strasse 55",64807,Dieburg,"06071 65 20 87"
Eisenhauer,Karolin,KarolinEisenhauer@einrot.com,"Büsingstrasse 35",85752,Karlsfeld,"08131 32 69 21"
Grunewald,Sarah,SarahGrunewald@fleckens.hu,"Mellingburgredder 90",91781,Weißenburg,"09141 20 81 97"
Braun,Ines,InesBraun@cuvox.de,"Invalidenstrasse 75",67435,"Neustadt an der Weinstraße Speyerdorf","06321 24 01 61"
Baum,Gabriele,GabrieleBaum@einrot.com,"Brandenburgische Str. 99",74343,Sachsenheim,"07046 26 71 36"
Weisz,Yvonne,YvonneWeisz@rhyta.com,"Sömmeringstr. 17",75172,"Pforzheim Weststadt","07231 13 29 75"
Freytag,Antje,AntjeFreytag@jourrapide.com,"Motzstr. 53",55583,"Bad Münster am Stein-Ebernburg","06708 17 68 07"
Kastner,Florian,FlorianKastner@jourrapide.com,"Stresemannstr. 31",66792,Saarwellingen,"06838 38 01 16"
Pfaff,Peter,PeterPfaff@superrito.com,"Kastanienallee 42",26529,Osteel,"04934 52 20 18"
Weisz,Stephan,StephanWeisz@jourrapide.com,"Lietzenburger Straße 84",29396,Schönewörde,"05835 12 86 14"
Kuefer,Marcel,MarcelKuefer@cuvox.de,"Borstelmannsweg 68",92251,Schnaittenbach,"09604 65 20 35"
Hueber,Frank,FrankHueber@cuvox.de,"Billwerder Neuer Deich 7",96265,Mitwitz,"09266 79 75 62"
Pfaff,Sebastian,SebastianPfaff@cuvox.de,"Güntzelstrasse 71",54426,Hilscheid,"06504 29 03 13"
Drechsler,Nicole,NicoleDrechsler@einrot.com,"Neuer Jungfernstieg 75",84324,Falkenberg,"08721 67 78 21"
Drechsler,Marie,MarieDrechsler@cuvox.de,"Rosenstrasse 80",81539,München,"089 86 17 52"
Eisenhauer,Sophie,SophieEisenhauer@teleworm.us,"Rankestraße 96",94119,Salzweg,"08501 68 82 27"
Engel,Max,MaxEngel@teleworm.us,"Frankfurter Allee 74",79108,"Freiburg Hochdorf","0761 99 27 25"
Schmitz,Claudia,ClaudiaSchmitz@jourrapide.com,"Mollstrasse 61",65719,"Hofheim am Taunus","06122 21 25 03"
Werfel,Paul,PaulWerfel@fleckens.hu,"Rathausstrasse 16",90562,Heroldsberg,"0911 79 34 99"
Braun,Laura,LauraBraun@fleckens.hu,"Lützowplatz 92",54314,Schömerich,"06587 55 60 10"
Braun,Julia,JuliaBraun@superrito.com,"Hallesches Ufer 76",73278,Schlierbach,"07021 78 64 37"
Schröder,Anna,AnnaSchroder@fleckens.hu,"Hermannstrasse 99",67577,Alsheim,"06249 99 52 99"
Schmitz,Christin,ChristinSchmitz@jourrapide.com,"Jenaer Strasse 91",42113,"Wuppertal Elberfeld","0202 78 68 62"
Werfel,Tobias,TobiasWerfel@einrot.com,"Flughafenstrasse 14",92246,Vilseck,"09646 93 03 51"
Schröder,Ines,InesSchroder@rhyta.com,"Frankfurter Allee 31",76228,"Karlsruhe Palmbach","0721 43 63 45"
Schröder,Simone,SimoneSchroder@teleworm.us,"Leipziger Straße 16",34320,Söhrewald,"05608 56 06 89"
Ackerman,Matthias,MatthiasAckerman@armyspy.com,"Rathausstrasse 10",90710,Fürth,"0911 40 51 97"
Grunewald,Lena,LenaGrunewald@fleckens.hu,"Rudolstaedter Strasse 20",97859,Wiesthal,"06020 11 05 27"
Dreher,Stephan,StephanDreher@jourrapide.com,"Oldesloer Strasse 86",07365,Blankenstein,"036642 67 66"
Kuefer,Angelika,AngelikaKuefer@cuvox.de,"Friedrichstrasse 73",40210,"Düsseldorf Friedrichstadt","0211 77 53 42"
Freytag,Birgit,BirgitFreytag@jourrapide.com,"Brandenburgische Str. 68",74254,Offenau,"07136 41 00 67"
Bieber,Janina,JaninaBieber@einrot.com,"Leopoldstraße 94",12627,"Berlin Hellersdorf","030 61 41 94"
Herz,Wolfgang,WolfgangHerz@jourrapide.com,"Augsburger Strasse 28",57520,Derschen,"02743 29 64 53"
Drechsler,Jörg,JorgDrechsler@gustr.com,"Wallstrasse 4",56584,Meinborn,"02639 28 19 28"
Reinhardt,Sara,SaraReinhardt@armyspy.com,"Am Borsigturm 6",41540,"Dormagen Hackenbroich","02133 13 65 20"
Freytag,Tom,TomFreytag@armyspy.com,"Kurfürstenstraße 24",73669,Lichtenwald,"07153 53 63 08"
Engel,Ralf,RalfEngel@rhyta.com,"Rudower Chaussee 84",91504,Ansbach,"0981 91 28 50"
Kastner,Max,MaxKastner@gustr.com,"Bayreuther Strasse 37",72768,"Reutlingen Weststadt","071 59 52 09"
Weisz,Sophie,SophieWeisz@teleworm.us,"Lietzenburger Strasse 44",51688,Wipperfürth,"02192 31 35 02"
Baum,Dirk,DirkBaum@fleckens.hu,"Hermannstrasse 28",68649,Groß-Rohrheim,"06245 76 09 07"
Kuefer,Frank,FrankKuefer@cuvox.de,"Fischerinsel 26",41063,"Mönchengladbach Großheide","02161 34 70 19"
Kuefer,Kristin,KristinKuefer@armyspy.com,"Schillerstrasse 25",82505,Wolfratshausen,"08171 17 81 03"
Drechsler,Martina,MartinaDrechsler@einrot.com,"Adenauerallee 38",17089,Bartow,"039991 43 30"
Baum,Ute,UteBaum@fleckens.hu,"Ruschestrasse 95",19282,Ludwigslust,"03874 94 07 61"
Grunewald,Robert,RobertGrunewald@fleckens.hu,"Bissingzeile 20",25794,Dörpling,"04803 68 10 95"
Baum,Stephan,StephanBaum@armyspy.com,"Waldowstr. 97",74629,Pfedelbach,"07941 62 08 53"
Kuefer,Mathias,MathiasKuefer@rhyta.com,"Brandenburgische Str 72",55430,Oberwesel,"06741 67 42 44"
Engel,Michael,MichaelEngel@armyspy.com,"Brandenburgische Straße 84",13158,"Berlin Niederschönhausen","030 98 70 18"
Dreher,Sabrina,SabrinaDreher@einrot.com,"Kurfürstendamm 23",18112,Rostock,"0381 52 56 69"
Weisz,Maximilian,MaximilianWeisz@einrot.com,"Bleibtreustraße 30",78345,Moos,"07732 14 93 58"
Pfaff,Uwe,UwePfaff@superrito.com,"Marseiller Strasse 85",86986,Schwabbruck,"08868 34 92 40"
Freeh,Julia,JuliaFreeh@superrito.com,"Schoenebergerstrasse 16",08326,Sosa,"03773 55 81 25"
Hueber,Marcel,MarcelHueber@teleworm.us,"Ellmenreichstrasse 69",95491,Ahorntal,"09202 57 33 64"
Reinhardt,Tobias,TobiasReinhardt@cuvox.de,"Amsinckstrasse 10",03119,Welzow,"035751 51 39"
Zweig,Sebastian,SebastianZweig@cuvox.de,"Ellmenreichstrasse 15",91294,Forchheim,"09191 32 79 61"
Braun,Lena,LenaBraun@dayrep.com,"Feldstrasse 56",39382,Oschersleben,"039407 71 36"
Reinhardt,Florian,FlorianReinhardt@einrot.com,"Grolmanstraße 51",28211,"Bremen Gete","0421 54 87 54"
Boehm,Sara,SaraBoehm@rhyta.com,"Lützowplatz 61",54578,Berndorf,"06593 26 75 14"
Weissmuller,Frank,FrankWeissmuller@jourrapide.com,"Schönwalder Allee 80",23758,Göhl,"04361 59 50 52"
Engel,Melanie,MelanieEngel@dayrep.com,"Sonnenallee 8",79108,"Freiburg Stadt","0761 29 60 67"
Vogel,Ralf,RalfVogel@rhyta.com,"Prager Str 53",82319,Seewiesen,"08151 83 74 24"
Zweig,Dominik,DominikZweig@dayrep.com,"Kastanienallee 31",25575,Beringstedt,"04874 84 89 60"
Werfel,Maximilian,MaximilianWerfel@rhyta.com,"Heinrich Heine Platz 86",02605,Bautzen,"03591 22 22 79"
Kastner,Leah,LeahKastner@dayrep.com,"Hallesches Ufer 10",73278,Schlierbach,"07021 83 82 61"
Kuefer,Ulrich,UlrichKuefer@armyspy.com,"Leopoldstraße 66",44807,Bochum,"023 72 82 89"
Kastner,Katja,KatjaKastner@fleckens.hu,"Koenigstrasse 10",99897,Tambach-Dietharz,"036252 86 32"
Ackerman,Michael,MichaelAckerman@gustr.com,"Motzstr. 7",55595,Münchwald,"06706 86 52 88"
Hueber,Dennis,DennisHueber@teleworm.us,"Inge Beisheim Platz 44",21335,Lüneburg,"04131 66 43 63"
Schwab,Kerstin,KerstinSchwab@teleworm.us,"Ufnau Strasse 69",87624,Füssen,"08362 40 64 00"
Freeh,David,DavidFreeh@dayrep.com,"Waßmannsdorfer Chaussee 99",13509,"Berlin Wittenau","030 83 30 52"
Eisenhauer,Jana,JanaEisenhauer@fleckens.hu,"Karl-Liebknecht-Strasse 50",27367,Hassendorf,"04264 30 34 26"
Engel,Melanie,MelanieEngel@teleworm.us,"Lietzensee-Ufer 29",04926,Plessa,"03533 44 11 68"
Weissmuller,Lucas,LucasWeissmuller@superrito.com,"Mohrenstrasse 36",88499,Emeringen,"07373 22 99 97"
Weisz,Ursula,UrsulaWeisz@gustr.com,"Kurfuerstendamm 65",81249,Freiham,"089 20 96 60"
Zweig,Antje,AntjeZweig@fleckens.hu,"Charlottenstrasse 17",01307,Dresden,"0351 35 48 61"
Boehm,Kevin,KevinBoehm@einrot.com,"Brandenburgische Str 90",55606,Hahnenbach,"06752 15 29 71"
Schmitz,Christian,ChristianSchmitz@jourrapide.com,"Feldstrasse 83",39430,Egeln,"039268 63 87"
Bieber,Tobias,TobiasBieber@fleckens.hu,"Potsdamer Platz 88",83507,Wasserburg,"08382 68 03 15"
Schmitz,Juliane,JulianeSchmitz@gustr.com,"Gotzkowskystrasse 12",56825,Beuren,"02675 74 44 76"
Herz,Ines,InesHerz@fleckens.hu,"Esplanade 46",93092,Barbing,"09401 79 07 76"
Werfel,Mike,MikeWerfel@superrito.com,"Heinrich Heine Platz 5",02739,Eibau,"03586 14 13 48"
Zweig,Jörg,JorgZweig@cuvox.de,"Lützowplatz 18",54314,Paschel,"06587 24 16 52"
Pfaff,Maximilian,MaximilianPfaff@armyspy.com,"Unter den Linden 82",28195,"Bremen Altstadt","0421 73 64 62"
Freeh,Antje,AntjeFreeh@dayrep.com,"Storkower Strasse 83",56299,Ochtendung,"02625 25 80 50"
Werfel,Swen,SwenWerfel@dayrep.com,"Esplanade 21",63908,Klingenberg,"09372 21 97 17"
Freeh,Philipp,PhilippFreeh@einrot.com,"Koepenicker Str. 15",55758,Veitsrodt,"06781 75 52 72"
Braun,Marina,MarinaBraun@rhyta.com,"Schmarjestrasse 70",15896,Neuzelle,"033652 73 49"
Herz,Karolin,KarolinHerz@armyspy.com,"Park Str. 8",50823,"Köln Ehrenfeld","0221 44 79 31"
Engel,Jörg,JorgEngel@rhyta.com,"Eschenweg 75",98563,Schmalkalden,"03683 29 72 08"
Braun,Dominik,DominikBraun@gustr.com,"Knesebeckstrasse 62",57632,Flammersfeld,"02685 17 71 47"
Kuefer,Swen,SwenKuefer@jourrapide.com,"Albrechtstrasse 50",87406,Kempten,"0831 88 29 99"
Reinhardt,Torsten,TorstenReinhardt@dayrep.com,"Hardenbergstraße 7",66903,Ohmbach,"06386 11 18 38"
Freytag,Ralf,RalfFreytag@fleckens.hu,"Paderborner Strasse 59",86577,Sielenbach,"08258 70 13 97"
Pfaff,Diana,DianaPfaff@jourrapide.com,"Borstelmannsweg 20",92655,Grafenwöhr,"09605 96 17 30"
Engel,David,DavidEngel@jourrapide.com,"Fasanenstrasse 59",20459,"Hamburg Neustadt","040 88 56 96"
Bieber,Thorsten,ThorstenBieber@fleckens.hu,"Ansbacher Strasse 19",55608,Schneppenbach,"06544 80 87 68"
Werfel,Stephanie,StephanieWerfel@teleworm.us,"Billwerder Neuer Deich 74",96265,Mitwitz,"09266 59 18 77"
Ackerman,Jessika,JessikaAckerman@cuvox.de,"Hollander Strasse 62",65558,Hirschberg,"06439 42 84 65"
Weissmuller,Nadine,NadineWeissmuller@dayrep.com,"Genslerstraße 77",10409,"Berlin Weißensee","030 40 39 17"
Reinhardt,Philipp,PhilippReinhardt@teleworm.us,"Heiligengeistbrücke 2",97650,Fladungen,"09778 29 74 39"
Pfaff,Uta,UtaPfaff@armyspy.com,"Hermannstrasse 93",69251,Gaiberg,"06223 35 75 23"
Vogel,Juliane,JulianeVogel@gustr.com,"Kurfürstenstraße 24",71685,Remseck,"07141 15 58 47"
Weisz,Kristian,KristianWeisz@rhyta.com,"Mühlenstrasse 17",97084,Würzburg,"0931 30 76 73"
Schröder,Matthias,MatthiasSchroder@jourrapide.com,"Joachimstaler Str. 35",55481,Metzenhausen,"06763 31 18 02"
Reinhardt,Sarah,SarahReinhardt@fleckens.hu,"Storkower Strasse 42",56235,Ransbach-Baumbach,"02623 21 57 41"
Kuefer,Marie,MarieKuefer@fleckens.hu,"Prager Str 64",82323,Tutzing,"08157 38 41 72"
Freytag,Bernd,BerndFreytag@cuvox.de,"Pohlstrasse 72",38462,Grafhorst,"05364 46 67 59"
Boehm,Angelika,AngelikaBoehm@gustr.com,"Eichendorffstr. 98",88047,"Friedrichshafen Kluftern","07541 96 35 60"
Vogel,Felix,FelixVogel@gustr.com,"Boxhagener Str. 61",22159,"Hamburg Farmsen-Berne","040 89 35 74"
Schwab,Matthias,MatthiasSchwab@jourrapide.com,"Stresemannstr. 1",66632,Tholey,"06853 81 42 59"
Baum,Tom,TomBaum@dayrep.com,"Mohrenstrasse 80",78588,Denkingen,"07424 81 70 30"
Drechsler,Marko,MarkoDrechsler@gustr.com,"Park Str. 18",50765,"Köln Chorweiler","0221 55 13 12"
Vogel,Lea,LeaVogel@fleckens.hu,"Bissingzeile 75",27632,Misselwarden,"04742 37 79 70"
Boehm,Diana,DianaBoehm@superrito.com,"Hardenbergstraße 57",66871,Reichweiler,"06384 78 37 27"
Pfaff,Diana,DianaPfaff@fleckens.hu,"Gotthardstrasse 91",09039,Chemnitz,"0371 63 43 61"
Baum,Monika,MonikaBaum@dayrep.com,"Budapester Straße 18",55469,Rayerschied,"06461 49 39 17"
Vogel,Mandy,MandyVogel@gustr.com,"Luebecker Strasse 79",96175,Pettstadt,"09502 54 76 47"
Weissmuller,Andreas,AndreasWeissmuller@armyspy.com,"An Der Urania 92",25887,Winnert,"04845 15 07 52"
Dreher,Jonas,JonasDreher@einrot.com,"Luckenwalder Strasse 84",31634,Steimbke,"05026 16 65 35"
Hueber,Steffen,SteffenHueber@einrot.com,"Fugger Strasse 36",46485,Wesel,"0281 97 60 84"
Schröder,Jörg,JorgSchroder@dayrep.com,"Kastanienallee 21",82225,Seefeld,"04872 16 79 14"
Dreher,Tim,TimDreher@armyspy.com,"Meininger Strasse 71",66571,Eppelborn,"06827 34 00 62"
Dreher,Klaus,KlausDreher@cuvox.de,"Paul-Nevermann-Platz 32",97409,Schweinfurt,"09721 33 74 20"
Hueber,Doreen,DoreenHueber@armyspy.com,"Gotzkowskystraße 22",59759,Arnsberg,"02932 54 95 92"
Ackerman,Ulrich,UlrichAckerman@cuvox.de,"Waldowstr. 59",83737,Irschenberg,"08020 44 35 33"
Herz,Kerstin,KerstinHerz@cuvox.de,"Rudolstaedter Strasse 5",63726,Aschaffenburg,"06021 40 73 94"
Werfel,Maria,MariaWerfel@jourrapide.com,"Flughafenstrasse 21",92522,Oberviechtach,"09671 54 96 77"
Schröder,Peter,PeterSchroder@jourrapide.com,"Hermannstrasse 59",67550,"Worms Abenheim","06241 98 64 08"
Weisz,Jana,JanaWeisz@armyspy.com,"Schillerstrasse 50",85392,Attenkirchen,"08168 11 80 55"
Eisenhauer,Susanne,SusanneEisenhauer@rhyta.com,"Lietzensee-Ufer 28",01651,Meißen,"03521 78 05 95"
Pfaff,Daniel,DanielPfaff@jourrapide.com,"Langenhorner Chaussee 85",83310,Siegsdorf,"08662 71 28 35"
Hueber,Brigitte,BrigitteHueber@dayrep.com,"Fasanenstrasse 68",22549,"Hamburg Lurup","040 31 10 37"
Dreher,Claudia,ClaudiaDreher@superrito.com,"Gotthardstrasse 86",85551,Kirchheim,"0361 14 66 63"
Braun,Ralph,RalphBraun@einrot.com,"Nuernbergerstrasse 72",26409,Wittmund,"04462 20 68 23"
Eisenhauer,Sarah,SarahEisenhauer@rhyta.com,"Kantstrasse 95",90431,Nürnberg,"0911 87 00 93"
Vogel,Karin,KarinVogel@einrot.com,"Lange Strasse 33",85501,Ottobrunn,"089 92 70 79"
Dreher,Sophie,SophieDreher@dayrep.com,"Gruenauer Strasse 91",21474,Lauenburg,"04153 23 61 81"
Drechsler,Leon,LeonDrechsler@jourrapide.com,"Marseiller Strasse 98",86919,Utting,"08806 33 56 70"
Freeh,Ralph,RalphFreeh@fleckens.hu,"Jahnstrasse 59",83229,Aschau,"08057 92 68 56"
Engel,Sara,SaraEngel@teleworm.us,"Joachimstaler Str. 88",55471,Neuerkirch,"06761 82 05 54"
Pfaff,Patrick,PatrickPfaff@dayrep.com,"Frankfurter Allee 10",89211,Neu-Ulm,"0731 25 04 55"
Engel,Christin,ChristinEngel@fleckens.hu,"Gruenauer Strasse 7",21376,Gödenstorf,"04172 89 41 19"
Schröder,Mandy,MandySchroder@superrito.com,"Fasanenstrasse 25",22159,"Hamburg Sasel","040 91 62 44"
Schmitz,Wolfgang,WolfgangSchmitz@rhyta.com,"Bayreuther Strasse 2",67661,"Kaiserslautern Innenstadt","063 23 09 10"
Weissmuller,Anke,AnkeWeissmuller@cuvox.de,"Albrechtstrasse 39",94004,Passau,"0851 58 64 06"
Boehm,Sebastian,SebastianBoehm@armyspy.com,"Ruschestrasse 63",23957,Wismar,"03841 92 60 59"
Braun,Tanja,TanjaBraun@jourrapide.com,"Kirchenallee 18",93470,Lohberg,"09943 18 19 78"
Kastner,Manuela,ManuelaKastner@fleckens.hu,"Koepenicker Str. 3",92610,Weiden,"06785 19 78 11"
Vogel,Claudia,ClaudiaVogel@armyspy.com,"Paderborner Strasse 21",86839,Türkheim,"08245 54 13 66"
Freeh,Martina,MartinaFreeh@superrito.com,"Knesebeckstrasse 83",57632,Ziegenhain,"02685 28 65 03"
Freeh,Dieter,DieterFreeh@dayrep.com,"Langenhorner Chaussee 28",93430,Furth,"08704 80 86 16"
Herz,Dennis,DennisHerz@rhyta.com,"Kirchenallee 64",94551,Hunding,"09904 88 94 71"
Schröder,Paul,PaulSchroder@dayrep.com,"Schoenebergerstrasse 48",18403,Stralsund,"03831 58 28 44"
Weisz,Jörg,JorgWeisz@cuvox.de,"Pappelallee 12",36448,"Bad Liebenstein","036961 90 11"
Zweig,Christin,ChristinZweig@gustr.com,"Knesebeckstraße 94",59069,Hamm,"02385 89 31 72"
Dreher,Barbara,BarbaraDreher@armyspy.com,"Bissingzeile 7",27729,Axstedt,"04748 26 07 88"
Reinhardt,Bernd,BerndReinhardt@fleckens.hu,"Ziegelstr. 38",94152,Neuhaus,"08507 68 70 65"
Ackerman,Jessika,JessikaAckerman@superrito.com,"Rudower Strasse 60",54634,Niederstedem,"06561 34 59 45"
Schmitz,Diana,DianaSchmitz@jourrapide.com,"Paderborner Strasse 31",86330,Königsbrunn,"08231 96 66 43"
Hueber,Peter,PeterHueber@fleckens.hu,"Amsinckstrasse 54",07616,Aubitz,"035265 38 81"
Drechsler,Sebastian,SebastianDrechsler@gustr.com,"Storkower Strasse 75",56244,Goddert,"02626 41 04 55"
Weissmuller,Uwe,UweWeissmuller@jourrapide.com,"An Der Urania 55",25853,Ahrenshöft,"04846 11 90 68"
Weissmuller,Anna,AnnaWeissmuller@jourrapide.com,"Kurfuerstendamm 42",82159,Gräfelfing,"089 89 51 05"
Kastner,Lea,LeaKastner@teleworm.us,"Luebecker Strasse 33",93422,Roding,"09469 66 27 31"
Weissmuller,Michelle,MichelleWeissmuller@rhyta.com,"Meinekestraße 39",48496,Hopsten,"05457 96 68 44"
Hueber,Patrick,PatrickHueber@cuvox.de,"Eschenweg 99",07724,Jena,"03641 64 98 14"
Bieber,Jessika,JessikaBieber@teleworm.us,"Prager Str 55",82291,Mammendorf,"08145 59 05 53"
Weisz,Nadine,NadineWeisz@gustr.com,"Lietzenburger Strasse 66",53639,Königswinter,"02244 60 24 92"
Freeh,Maximilian,MaximilianFreeh@rhyta.com,"Gotzkowskystrasse 86",74544,Michelbach,"02681 78 95 29"
Engel,Jessica,JessicaEngel@einrot.com,"Augsburger Straße 81",44577,Castrop-Rauxel,"02305 53 72 91"
Bieber,Juliane,JulianeBieber@superrito.com,"Rohrdamm 10",31863,Coppenbrügge,"05156 35 59 67"
Herz,Nicole,NicoleHerz@superrito.com,"Hochstrasse 8",25920,Risum-Lindholm,"04661 13 52 44"
Braun,Sandra,SandraBraun@superrito.com,"Grolmanstraße 36",28359,"Bremen Lehe","0421 40 72 60"
Pfaff,Mathias,MathiasPfaff@cuvox.de,"Eschenweg 29",07717,Jena,"03641 79 56 01"
Werfel,Dieter,DieterWerfel@cuvox.de,"Pohlstrasse 60",38322,Hedeper,"05336 29 95 01"
Baum,Markus,MarkusBaum@einrot.com,"Pasewalker Straße 3",76547,Sinzheim,"07223 52 02 74"
Schwab,Sabine,SabineSchwab@teleworm.us,"Kirchenallee 83",94426,Eichendorf,"09952 32 75 35"
Freytag,Eric,EricFreytag@armyspy.com,"Prenzlauer Allee 78",04252,Leipzig,"0341 61 95 06"
Drechsler,Jan,JanDrechsler@jourrapide.com,"Sömmeringstr. 89",97249,Eisingen,"07232 56 13 53"
Eisenhauer,Marco,MarcoEisenhauer@dayrep.com,"Esplanade 66",94302,Straubing,"09421 30 01 03"
Bieber,Felix,FelixBieber@jourrapide.com,"Kantstrasse 44",90411,Nürnberg,"0911 64 32 10"
Ackerman,Swen,SwenAckerman@armyspy.com,"Brandenburgische Str 38",67748,Odenbach,"06753 69 22 57"
Bieber,Thomas,ThomasBieber@cuvox.de,"Ruschestrasse 85",19297,Grabow,"03921 17 70 47"
Schwab,Uwe,UweSchwab@armyspy.com,"Mühlenstrasse 53",93025,Regensburg,"0941 28 03 26"
Braun,Michelle,MichelleBraun@einrot.com,"Schoenebergerstrasse 78",49586,Neuenkirchen,"03834 26 95 66"
Schwab,Heike,HeikeSchwab@rhyta.com,"Esplanade 60",63912,Amorbach,"09373 88 63 85"
Weisz,Patrick,PatrickWeisz@cuvox.de,"Paul-Nevermann-Platz 68",97756,Hammelburg,"09732 21 36 23"
Herz,Yvonne,YvonneHerz@rhyta.com,"Grosse Praesidenten Str. 33",64653,Lorsch,"06251 63 08 07"
Eisenhauer,Antje,AntjeEisenhauer@cuvox.de,"Waldowstr. 30",88400,Biberach,"07835 54 88 35"
Freytag,Martina,MartinaFreytag@superrito.com,"Kurfürstenstraße 54",73563,Mögglingen,"07174 66 05 79"
Freeh,Kevin,KevinFreeh@einrot.com,"Sonnenallee 14",86029,Augsburg,"0821 80 23 85"
Schmitz,Uta,UtaSchmitz@armyspy.com,"Los-Angeles-Platz 76",22085,"Hamburg Uhlenhorst","040 11 69 34"
Bieber,Leon,LeonBieber@dayrep.com,"Schoenebergerstrasse 28",08428,Langenbernsdorf,"03761 26 15 89"
Kastner,Marcel,MarcelKastner@teleworm.us,"Friedrichstrasse 59",46117,"Oberhausen Eisenheim","0208 16 17 57"
Schröder,Petra,PetraSchroder@gustr.com,"Ruschestrasse 1",39631,Gardelegen,"03907 20 67 78"
Freytag,Gabriele,GabrieleFreytag@jourrapide.com,"Lietzenburger Strasse 50",53819,Neunkirchen-Seelscheid,"02248 54 88 98"
Vogel,Christian,ChristianVogel@teleworm.us,"Brandenburgische Strasse 75",76889,Niederotterbach,"06340 97 41 09"
Boehm,Marina,MarinaBoehm@gustr.com,"Gotzkowskystrasse 35",56820,Senheim,"02673 95 06 42"
Herz,Stephanie,StephanieHerz@jourrapide.com,"Ruschestrasse 72",39602,Osterburg,"03937 60 39 45"
Kastner,Dominik,DominikKastner@fleckens.hu,"Kastanienallee 38",26579,Baltrum,"04939 17 22 47"
Herz,Felix,FelixHerz@armyspy.com,"Bayreuther Strasse 2",89079,"Ulm Gögglingen","073 50 94 62"
Bieber,Monika,MonikaBieber@gustr.com,"Waßmannsdorfer Chaussee 64",22607,"Hamburg Bahrenfeld","040 81 05 15"
Kastner,Swen,SwenKastner@teleworm.us,"Neue Roßstr. 78",36041,Fulda,"0661 83 83 22"
Drechsler,Alexander,AlexanderDrechsler@fleckens.hu,"Luebeckertordamm 13",91466,Gerhardshofen,"09163 76 99 04"
Eisenhauer,Lisa,LisaEisenhauer@jourrapide.com,"Lietzenburger Strasse 12",51429,"Bergisch Gladbach Bockenberg","02202 80 89 37"
Freeh,Wolfgang,WolfgangFreeh@cuvox.de,"Sonnenallee 61",86068,Augsburg,"0821 66 10 62"
Baum,Dieter,DieterBaum@jourrapide.com,"Schoenebergerstrasse 86",18401,Stralsund,"03831 20 28 84"
Werfel,Sabrina,SabrinaWerfel@dayrep.com,"Storkower Strasse 57",56203,Höhr-Grenzhausen,"02624 82 31 93"
Grunewald,Christina,ChristinaGrunewald@teleworm.us,"Feldstrasse 99",38889,Altenbrak,"039456 69 22"
Schwab,Christine,ChristineSchwab@fleckens.hu,"Schönwalder Allee 70",24251,Osdorf,"04346 77 22 55"
Drechsler,Dirk,DirkDrechsler@armyspy.com,"Knesebeckstrasse 71",56307,Dernbach,"02689 76 98 44"
Braun,Stefanie,StefanieBraun@dayrep.com,"Ziegelstr. 79",94155,Otterskirchen,"08546 38 94 69"
Weissmuller,Kristian,KristianWeissmuller@gustr.com,"Am Borsigturm 77",41462,"Neuss Furth-Mitte","02137 91 96 75"
Herz,David,DavidHerz@armyspy.com,"Am Borsigturm 21",41462,"Neuss Weissenberg","02137 35 42 39"
Kastner,Sven,SvenKastner@dayrep.com,"Adenauerallee 2",17250,Mirow,"039833 59 97"
Kastner,Jessica,JessicaKastner@armyspy.com,"An Der Urania 53",25693,Christianslust,"04853 90 53 54"
Vogel,Ralf,RalfVogel@einrot.com,"Kastanienallee 11",25827,Tönning,"04861 67 71 74"
Zweig,Bernd,BerndZweig@rhyta.com,"Billwerder Neuer Deich 14",95028,Hof,"09281 54 24 93"
Pfaff,Markus,MarkusPfaff@jourrapide.com,"Hardenbergstraße 59",66887,Rammelsbach,"06381 16 96 22"
Freeh,Franziska,FranziskaFreeh@gustr.com,"Schaarsteinweg 90",93087,Alteglofsheim,"09453 28 19 57"
Kuefer,Sven,SvenKuefer@cuvox.de,"Knesebeckstraße 19",89242,Senden,"02509 25 27 77"
Reinhardt,Petra,PetraReinhardt@superrito.com,"Los-Angeles-Platz 36",22858,Schenefeld,"040 10 94 42"
Eisenhauer,Thomas,ThomasEisenhauer@einrot.com,"Fontenay 23",95677,Waldershof,"09231 88 34 40"
Weissmuller,Claudia,ClaudiaWeissmuller@dayrep.com,"Esplanade 86",93177,Altenthann,"09403 12 13 45"
Eisenhauer,Alexander,AlexanderEisenhauer@armyspy.com,"Hardenbergstraße 67",66996,"Fischbach bei Dahn","06393 61 76 56"
Drechsler,Michael,MichaelDrechsler@superrito.com,"Buelowstrasse 23",56459,Kölbingen,"02663 45 63 38"
Boehm,Martin,MartinBoehm@cuvox.de,"Jenaer Strasse 8",45327,Essen,"0201 53 98 77"
Reinhardt,Brigitte,BrigitteReinhardt@teleworm.us,"Landhausstraße 40",15504,Fürstenwalde,"03361 45 85 69"
Hueber,Sara,SaraHueber@rhyta.com,"Konstanzer Strasse 69",87725,Babenhausen,"06073 73 29 30"
Ackerman,Ines,InesAckerman@teleworm.us,"Hermannstrasse 84",66978,Leimen,"06224 27 66 25"
Grunewald,Angelika,AngelikaGrunewald@gustr.com,"Albrechtstrasse 50",94016,Passau,"0851 37 35 68"
Baum,David,DavidBaum@einrot.com,"Gotthardstrasse 8",09113,Chemnitz,"0371 94 24 46"
Freytag,Ute,UteFreytag@rhyta.com,"Güntzelstrasse 26",54646,Stockem,"06527 50 30 72"
Werfel,Jessika,JessikaWerfel@gustr.com,"Prenzlauer Allee 33",04254,Leipzig,"0341 11 33 49"
Vogel,Christina,ChristinaVogel@teleworm.us,"Lietzenburger Straße 81",29578,Eimke,"05826 18 81 59"