,Felix,FelixNaumann@gustr.com,"Fontenay 13",95683,Ebnath,"09236 15 08 00"
,Lena,LenaAusterlitz@einrot.com,"Bleibtreustraße 7",77971,Kippenheim,"07825 56 02 42"
,Vanessa,VanessaEiffel@armyspy.com,"Alter Wall 30",97241,Bergtheim,"09367 66 32 80"
,Felix,FelixPfeiffer@superrito.com,"Mohrenstrasse 26",78585,Bubsheim,"07429 97 09 31"
Strauss,Manuela,,"Hans-Grade-Allee 23",24983,Handewitt,"04608 50 11 10"
,Swen,SwenEichel@jourrapide.com,"Paderborner Strasse 41",86462,Langweid,"08230 40 80 95"
Bach,Erik,ErikBach@einrot.com,"Schoenebergerstrasse 66",17431,Wolgast,"03836 98 15 96"
,Dominik,DominikTraugott@fleckens.hu,"Gotzkowskystraße 12",66749,Dillingen,"02771 37 00 98"
Kuhn,Anja,AnjaKuhn@dayrep.com,"Leipziger Straße 72",37434,Wollershausen,"05528 57 93 34"
,Sabine,SabineWulf@gustr.com,"Hardenbergstraße 67",67744,Cronenberg,"06382 43 89 45"
Fassbinder,Stephanie,StephanieFassbinder@gustr.com,"Paul-Nevermann-Platz 35",97408,Schweinfurt,"09721 41 44 22"
Kuster,Martin,MartinKuster@superrito.com,"Gubener Str. 19",82549,Königsdorf,"08046 57 65 22"
Schmidt,Florian,FlorianSchmidt@fleckens.hu,"Knesebeckstraße 78",59069,Hamm,"02385 34 10 75"
Koehler,Wolfgang,,"Kieler Strasse 94",84446,Mühldorf,"08631 38 24 84"
,Andreas,AndreasEichelberger@armyspy.com,"An der Alster 68",14536,Werder,"038720 66 86"
Schwab,Heike,HeikeSchwab@rhyta.com,"Esplanade 60",63912,Amorbach,"09373 88 63 85"
Baumgartner,Steffen,SteffenBaumgartner@superrito.com,"Prager Str 53",82256,Fürstenfeldbruck,"08141 27 91 96"
Diederich,Jörg,,"Rankestraße 36",86666,Burgheim,"08432 13 03 77"
,Antje,AntjeSchwarz@armyspy.com,"Bleibtreustraße 23",77756,Hausach,"07831 26 54 72"
Junker,René,,"Alsterkrugchaussee 28",86653,Daiting,"09091 13 81 12"
Krueger,Stephanie,StephanieKrueger@superrito.com,"Holstenwall 72",06305,Klostermansfeld,"034772 62 49"
,Julia,JuliaWurfel@jourrapide.com,"Jahnstrasse 71",84564,Oberbergkirchen,"08086 98 28 58"
Hoch,Bernd,BerndHoch@fleckens.hu,"Augsburger Straße 94",45525,"Hattingen Winz-Baak","02324 30 45 51"
Eggers,Jennifer,,"Ellmenreichstrasse 17",95347,Thurnau,"09221 69 98 25"
Bieber,Felix,FelixBieber@jourrapide.com,"Kantstrasse 44",90411,Nürnberg,"0911 64 32 10"
,Sven,SvenKortig@fleckens.hu,"Guentzelstrasse 69",55597,Gumbsheim,"06703 43 91 47"
Beyer,Nadine,,"Paderborner Strasse 44",86554,Pöttmes,"08253 47 42 32"
Huber,Mandy,MandyHuber@dayrep.com,"Fasanenstrasse 19",22547,"Hamburg Osdorf","040 79 92 84"
Becker,Jonas,JonasBecker@rhyta.com,"Ziegelstr. 97",94090,Rotthalmünster,"08532 62 55 76"
Schulz,Andreas,,"Kantstraße 21",09456,Annaberg-Buchholz,"03733 26 35 58"
Eichelberger,Andreas,,"An der Alster 68",14536,Werder,"038720 66 86"
Reiniger,Thorsten,,"Büsingstrasse 97",85581,Poing,"08121 93 27 54"
Fenstermacher,Daniel,DanielFenstermacher@dayrep.com,"Gruenauer Strasse 1",27389,Fintel,"04180 10 53 69"
Dresdner,Jörg,JorgDresdner@jourrapide.com,"Knesebeckstraße 50",45711,Datteln,"02363 12 95 78"
Köhler,Marko,,"Gotzkowskystraße 36",47495,Rheinberg,"02843 35 31 67"
Meier,Paul,PaulMeier@dayrep.com,"Stuttgarter Platz 99",48703,Stadtlohn,"02563 32 01 98"
Faerber,Karin,KarinFaerber@superrito.com,"Hardenbergstraße 37",66871,Theisbergstegen,"06381 76 90 98"
,Ulrich,UlrichHertzog@jourrapide.com,"Esplanade 19",85619,Feldkirchen,"09420 26 61 51"
Koehler,Anke,AnkeKoehler@gustr.com,"Meininger Strasse 9",55767,Sonnenberg-Winnenberg,"06787 55 86 10"
,Max,MaxMoench@dayrep.com,"Büsingstrasse 34",82213,Maisach,"08135 69 92 77"
,Mathias,MathiasKrueger@einrot.com,"Neuer Jungfernstieg 16",08121,Schönau,"08723 25 44 50"
,Mandy,MandyFuchs@einrot.com,"Knesebeckstraße 40",52525,Heinsberg,"02452 29 43 94"
Maurer,Lisa,,"Genterstrasse 61",24154,Kiel,"0431 58 40 26"
Kortig,Jennifer,JenniferKortig@gustr.com,"Hermannstrasse 26",67582,Mettenheim,"06242 25 15 14"
Gottschalk,Steffen,SteffenGottschalk@einrot.com,"Invalidenstrasse 62",66503,Dellfeld,"06336 47 80 97"
Frei,Michael,MichaelFrei@jourrapide.com,"Friedrichstrasse 23",40595,"Düsseldorf Hellerhof","0211 90 28 24"
,Steffen,SteffenBaumgartner@superrito.com,"Prager Str 53",82256,Fürstenfeldbruck,"08141 27 91 96"
,Juliane,JulianeFiedler@fleckens.hu,"Lützowplatz 45",54317,Gusterath,"06588 49 99 54"
Neumann,Felix,FelixNeumann@fleckens.hu,"Mühlenstrasse 87",97013,Würzburg,"0931 25 72 13"
Nussbaum,Martina,MartinaNussbaum@superrito.com,"Fontenay 19",95680,"Bad Alexandersbad","09231 78 60 32"
Schultz,David,DavidSchultz@gustr.com,"Kantstrasse 23",97216,Gerbrunn,"0931 72 82 31"
Meister,Paul,PaulMeister@jourrapide.com,"Scharnweberstrasse 88",68259,"Mannheim Wallstadt","06211 94 88 09"
Roth,Melanie,MelanieRoth@superrito.com,"Flughafenstrasse 43",95634,Tirschenreuth,"09631 13 60 18"
Schweizer,Jan,,"Storkower Strasse 32",56566,"Neuwied Heimbach-Weis","02622 43 19 89"
Kaestner,Antje,AntjeKaestner@cuvox.de,"Knesebeckstraße 15",59067,Hamm,"02381 16 82 14"
,Frank,FrankEbersbacher@armyspy.com,"Koenigstrasse 14",56290,Mörsdorf,"036428 55 26"
Eggers,Jennifer,JenniferEggers@fleckens.hu,"Ellmenreichstrasse 17",95347,Thurnau,"09221 69 98 25"
,Birgit,BirgitSchulze@jourrapide.com,"Koenigstrasse 42",07768,Altenberga,"036424 16 29"
Schmitt,Tobias,,"Anhalter Strasse 16",67808,Ruppertsecken,"06361 58 35 55"
Huber,Sara,SaraHuber@fleckens.hu,"Pappelallee 34",09382,Lugau,"037295 11 03"
Duerr,Marco,,"Koenigstrasse 12",96359,Steinbach,"036085 98 57"
Pfeffer,Karolin,,"Kantstraße 24",09641,Mittweida,"03727 69 14 11"
Schwartz,Marko,MarkoSchwartz@gustr.com,"Am Borsigturm 19",41542,"Dormagen Gohr","02133 96 09 03"
Pabst,Stefanie,StefaniePabst@cuvox.de,"Rohrdamm 80",32108,"Bad Salzuflen Innenstadt","05208 35 92 27"
Papst,Paul,PaulPapst@einrot.com,"Neue Roßstr. 95",36041,Fulda,"0661 91 79 19"
Weiss,Mathias,MathiasWeiss@jourrapide.com,"An der Schillingbrucke 8",89188,Merklingen,"07337 46 37 86"
Eggers,Paul,PaulEggers@jourrapide.com,"Hedemannstasse 20",72419,Neufra,"07574 21 20 60"
Roth,Maximilian,MaximilianRoth@superrito.com,"Waßmannsdorfer Chaussee 63",13437,"Berlin Wittenau","030 12 18 69"
Neustadt,Katrin,,"Jahnstrasse 30",84145,Velden,"08086 89 51 97"
Nagel,Dennis,,"Albrechtstrasse 76",83264,Traunstein,"0861 47 40 74"
Schmid,Sara,SaraSchmid@einrot.com,"Gotzkowskystraße 36",46348,Raesfeld,"02865 29 88 16"
,Katharina,KatharinaSchreiber@einrot.com,"Hallesches Ufer 37",66684,Wadern,"06871 37 23 69"
Baum,Monika,MonikaBaum@dayrep.com,"Budapester Straße 18",55469,Rayerschied,"06461 49 39 17"
Pfeiffer,Thorsten,ThorstenPfeiffer@superrito.com,"Prager Str 17",82284,Grafrath,"08144 60 60 62"
,Marco,MarcoZiegler@gustr.com,"Paul-Nevermann-Platz 90",97462,Niederwerrn,"09721 57 04 06"
Sanger,Jan,,"Heinrich Heine Platz 39",02752,Zittau,"03583 62 98 13"
Vogt,David,DavidVogt@rhyta.com,"Sonnenallee 50",86135,Augsburg,"0821 59 61 79"
Ostermann,Kristian,KristianOstermann@cuvox.de,"Alt-Moabit 81",15881,Eisenhüttenstadt,"03364 57 55 11"
Traugott,Kathrin,,"Charlottenstrasse 42",01281,Dresden,"0351 20 61 52"
Burger,Ralph,,"Güntzelstrasse 52",54518,Gladbach,"06508 30 64 41"
,Karolin,KarolinFrankfurter@fleckens.hu,"Kieler Strasse 64",84445,Mühldorf,"08631 27 29 32"
,Klaus,KlausMoench@armyspy.com,"Eschenweg 76",07388,Ranis,"03647 38 39 68"
Vogler,Mario,,"Kurfürstenstraße 63",71277,Rutesheim,"07152 82 87 98"
Fenstermacher,Marie,MarieFenstermacher@superrito.com,"Mellingburgredder 77",91090,Effeltrich,"09133 95 21 21"
Eisenhower,Stefan,StefanEisenhower@fleckens.hu,"Mollstrasse 96",64560,Riedstadt,"06158 97 39 28"
,Florian,FlorianKonig@cuvox.de,"Brandenburgische Straße 63",13355,"Berlin Lübars","030 63 04 27"
Frey,Felix,FelixFrey@einrot.com,"Pappelallee 86",74226,Nordheim,"036944 92 43"
Pfeffer,Felix,FelixPfeffer@jourrapide.com,"Eschenweg 31",96508,Sonneberg,"03675 68 63 50"
Kohl,Simone,SimoneKohl@dayrep.com,"Stuttgarter Platz 87",56237,Sessenbach,"02601 98 94 15"
Zimmer,Anna,,"Lietzenburger Strasse 84",50259,Pulheim,"02238 61 95 46"
Köhler,Ute,UteKohler@dayrep.com,"Boxhagener Str. 78",20257,"Hamburg Eimsbüttel","040 72 48 10"
,Tobias,TobiasZimmerman@fleckens.hu,"Koepenicker Str. 59",55758,Mittelreidenbach,"06784 19 92 66"
Hartmann,Jonas,,"Schaarsteinweg 40",92437,Bodenwöhr,"09434 51 26 61"
Fuchs,Martin,,"Mohrenstrasse 75",88480,Achstetten,"07392 86 03 30"
Beyer,René,ReneBeyer@einrot.com,"Rudower Strasse 59",54616,Winterspelt,"06555 93 50 15"
,Kathrin,KathrinEgger@gustr.com,"Rudower Chaussee 81",96031,Bamberg,"0951 92 52 02"
Ritter,Thomas,ThomasRitter@rhyta.com,"Meininger Strasse 8",66573,Schiffweiler,"06821 59 60 74"
Junker,Johanna,,"Jahnstrasse 42",83116,Obing,"08074 47 96 35"
Wechsler,Kevin,,"Sonnenallee 56",86183,Augsburg,"0821 82 31 69"
Kaiser,Tobias,,"Fasanenstrasse 13",20357,"Hamburg Sankt Pauli","040 97 61 41"
Kaestner,Janina,JaninaKaestner@fleckens.hu,"Rankestraße 71",86558,Hohenwart,"08443 74 13 50"
Seiler,Anna,AnnaSeiler@fleckens.hu,"Hermannstrasse 70",67578,Gimbsheim,"06249 68 03 88"
Moench,Janina,,"Park Str. 32",40591,"Düsseldorf Oberbilk","0211 18 92 20"
Seiler,Steffen,SteffenSeiler@einrot.com,"Oldesloer Strasse 50",08142,Crossen,"036693 82 35"
,Tobias,TobiasFaber@jourrapide.com,"Lützowplatz 77",54429,Mandern,"06589 64 46 63"
Neustadt,Lucas,LucasNeustadt@einrot.com,"An Der Urania 81",25724,Neufeld,"04851 55 01 97"
Schreiner,Klaudia,,"Frankfurter Allee 29",76185,"Karlsruhe Weststadt","0721 90 67 80"
Vogel,Ralf,,"Kastanienallee 11",25827,Tönning,"04861 67 71 74"
Frueh,Thorsten,,"Michaelkirchstr. 95",32425,"Minden Päpinghausen","05704 84 94 66"
,Anja,AnjaCole@cuvox.de,"Meininger Strasse 59",66514,Neunkirchen,"06821 23 17 01"
Vogel,Christian,ChristianVogel@teleworm.us,"Brandenburgische Strasse 75",76889,Niederotterbach,"06340 97 41 09"
,Jan,JanSchweizer@dayrep.com,"Budapester Straße 69",56370,Mittelfischbach,"06486 53 66 96"
,Katharina,KatharinaHoffmann@einrot.com,"Am Borsigturm 85",41464,"Neuss Westfeld","02137 42 36 03"
Abend,Jonas,JonasAbend@cuvox.de,"Prager Str 80",82211,Herrsching,"08152 34 95 21"
Oster,Erik,ErikOster@cuvox.de,"Knesebeckstrasse 15",57632,Reiferscheid,"02685 24 50 96"
,Robert,RobertHertz@gustr.com,"Kurfürstenstraße 55",92676,Eschenbach,"07161 26 60 05"
Schäfer,Juliane,JulianeSchafer@jourrapide.com,"Mühlenstrasse 48",97009,Würzburg,"0931 30 21 34"
,Michael,MichaelKoch@teleworm.us,"Genterstrasse 55",24147,Kiel,"0431 95 13 87"
Finkel,Mario,MarioFinkel@cuvox.de,"Rosenstrasse 96",81337,München,"089 86 79 43"
,Susanne,SusanneBurger@einrot.com,"Landsberger Allee 53",80333,München,"089 93 16 10"
Beike,Christina,ChristinaBeike@gustr.com,"Ufnau Strasse 60",87484,Nesselwang,"08361 19 19 81"
Hoffmann,Phillipp,,"Oldesloer Strasse 85",07937,Büna,"036628 25 92"
Duerr,Ines,,"Ziegelstr. 50",94145,Haidmühle,"08550 62 94 65"
Wurfel,Janina,JaninaWurfel@fleckens.hu,"Brandenburgische Strasse 68",67316,Carlsberg,"06356 83 35 77"
Ackermann,Julia,,"Grosse Praesidenten Str. 82",64653,Lorsch,"06251 44 10 57"
Freytag,Bernd,BerndFreytag@cuvox.de,"Pohlstrasse 72",38462,Grafhorst,"05364 46 67 59"
Frankfurter,Jens,JensFrankfurter@gustr.com,"Paderborner Strasse 83",87711,Mindelheim,"08261 52 55 93"
Peters,Sabrina,SabrinaPeters@armyspy.com,"Potsdamer Platz 8",88105,Lindau,"08382 89 22 82"
Vogt,Steffen,SteffenVogt@cuvox.de,"Eichendorffstr. 18",88285,Bodnegg,"07520 91 51 72"
Thalberg,Sophie,,"Neuer Jungfernstieg 6",84011,Landshut,"08707 65 51 45"
Durr,Max,MaxDurr@superrito.com,"Inge Beisheim Platz 45",25437,Tornesch,"04120 96 68 14"
Goldschmidt,Kevin,,"Ziegelstr. 33",94124,Büchlberg,"08505 21 79 08"
Ziegler,Sebastian,,"Fasanenstrasse 18",22559,"Hamburg Rissen","040 23 79 66"
Eichelberger,Andreas,AndreasEichelberger@armyspy.com,"An der Alster 68",14536,Werder,"038720 66 86"
,Ute,UteSchulz@armyspy.com,"An der Alster 52",39621,Kalbe,"039080 77 83"
Huber,Lisa,LisaHuber@rhyta.com,"Scharnweberstrasse 60",63791,Karlstein,"06188 58 54 09"
Scherer,Christian,ChristianScherer@cuvox.de,"Amsinckstrasse 88",03251,Doberlug-Kirchhain,"035322 90 68"
Moench,Klaus,KlausMoench@armyspy.com,"Eschenweg 76",07388,Ranis,"03647 38 39 68"
,Leon,LeonSanger@cuvox.de,"Nuernbergerstrasse 89",26676,Barßel,"04409 91 01 93"
Dietrich,Klaudia,,"Budapester Strasse 52",24515,Neumünster,"04321 96 97 89"
,Dieter,DieterBerg@jourrapide.com,"Alt-Moabit 41",14934,Luckenwalde,"03371 77 20 31"
Traugott,Laura,LauraTraugott@superrito.com,"Waßmannsdorfer Chaussee 5",22083,"Hamburg Barmbek-Süd","040 48 67 92"
Kaufmann,Michelle,MichelleKaufmann@jourrapide.com,"Billwerder Neuer Deich 92",95496,Glashütten,"09279 69 69 76"
,Lena,LenaFrankfurter@teleworm.us,"Budapester Strasse 95",27299,Langwedel,"04329 15 59 96"
,Susanne,SusanneBurger@einrot.com,"Landsberger Allee 53",80333,München,"089 93 16 10"
,Michelle,MichelleKuester@gustr.com,"Albrechtstrasse 54",83267,Traunstein,"0861 42 24 94"
Hoffmann,Mike,MikeHoffmann@armyspy.com,"Mellingburgredder 14",91009,Erlangen,"09131 66 12 46"
Bohm,Lucas,LucasBohm@gustr.com,"An der Schillingbrucke 84",88436,Eberhardzell,"07355 67 70 10"
,Sabine,SabineSaenger@gustr.com,"Hochstrasse 18",25852,Bordelum,"04671 12 87 39"
,Dirk,DirkHuber@superrito.com,"Brandenburgische Strasse 80",76872,Hergersweiler,"06349 70 83 20"
,Sophie,SophieGartner@einrot.com,"Fasanenstrasse 29",22391,"Hamburg Ohlsdorf","040 67 85 67"
Mueller,Leon,,"Koenigstrasse 36",37359,Büttstedt,"036373 80 94"
Hoover,Kristin,KristinHoover@superrito.com,"Billwerder Neuer Deich 52",95118,Naila,"09282 64 17 91"
Schreiber,Christian,,"Flughafenstrasse 73",92727,Waldthurn,"09657 62 82 82"
,Laura,LauraHoltzmann@cuvox.de,"Fischerinsel 78",41747,"Viersen Bockert","02162 11 38 46"
Goldschmidt,Brigitte,,"Brandenburgische Str 29",56291,Mühlpfad,"06746 41 94 96"
Baer,Melanie,MelanieBaer@teleworm.us,"Lietzensee-Ufer 38",02806,Görlitz,"03581 37 89 28"
,Dominik,DominikGrunwald@cuvox.de,"Mellingburgredder 88",90542,Eckental,"09126 97 28 43"
Freitag,Brigitte,,"Schönhauser Allee 83",78147,Vöhrenbach,"07657 13 84 82"
Lehmann,Tanja,,"Jahnstrasse 98",83528,Schnaitsee,"08074 32 02 92"
Frey,Felix,FelixFrey@einrot.com,"Pappelallee 86",74226,Nordheim,"036944 92 43"
Dietrich,Ute,UteDietrich@rhyta.com,"Wallstrasse 70",86833,Ettringen,"02651 84 39 24"
Fuchs,Kristian,,"Ansbacher Strasse 17",56862,Pünderich,"06542 84 16 42"
,Mandy,MandyFuchs@einrot.com,"Knesebeckstraße 40",52525,Heinsberg,"02452 29 43 94"
,Uwe,UweTrommler@gustr.com,"Landsberger Allee 84",80074,München,"089 58 26 23"
Scholz,Christian,ChristianScholz@superrito.com,"Schillerstrasse 52",86850,Fischach,"08204 26 02 00"
Müller,Anne,AnneMuller@fleckens.hu,"Schönhauser Allee 5",79274,"St Märgen","07669 65 25 59"
Wirth,Kathrin,,"Storkower Strasse 1",56567,"Neuwied Rodenbach","02622 69 14 42"
Lemann,Christine,,"Marseiller Strasse 65",86977,Burggen,"08860 98 06 96"
,Franziska,FranziskaWulf@dayrep.com,"Lietzenburger Strasse 86",53501,Grafschaft,"02225 99 21 08"
,Erik,ErikRothstein@gustr.com,"Ruschestrasse 32",19313,Wittenberge,"03877 41 52 41"
Schwab,Sabrina,SabrinaSchwab@dayrep.com,"Rankestraße 1",85280,Wolnzach,"08442 89 78 11"
Faber,Tobias,,"Lützowplatz 77",54429,Mandern,"06589 64 46 63"
Gerber,Jessika,JessikaGerber@einrot.com,"Schaarsteinweg 9",92421,Schwandorf,"09431 70 60 56"
Schuster,Karolin,KarolinSchuster@dayrep.com,"Lietzenburger Straße 19",29584,Himbergen,"05828 15 90 24"
Bayer,Ines,InesBayer@einrot.com,"Jenaer Strasse 77",42283,"Wuppertal Barmen","0202 30 39 70"
,Kathrin,KathrinPapst@gustr.com,"Pasewalker Straße 94",75177,"Pforzheim Nordstadt","07231 12 43 60"
Bach,Frank,FrankBach@cuvox.de,"Kantstrasse 47",95412,Bayreuth,"0921 72 18 24"
Walter,David,DavidWalter@fleckens.hu,"Bayreuther Strasse 31",89075,"Ulm Eselsberg","073 83 93 48"
Lemann,Julia,,"Mollstrasse 64",55276,Dienheim,"06133 53 04 08"
Strauss,Klaudia,,"Rankestraße 39",94136,Thyrnau,"08501 66 30 39"
Faerber,Michelle,MichelleFaerber@superrito.com,"Prager Str 1",85242,Röhrmoos,"08139 44 83 24"
Peters,Sabine,SabinePeters@gustr.com,"Bleibtreustrasse 89",16794,Fürstenberg,"05271 66 68 48"
Urner,Andreas,AndreasUrner@armyspy.com,"Fugger Strasse 32",06813,Dessau,"0340 60 47 94"
,Michelle,MichelleNagel@teleworm.us,"Schoenebergerstrasse 50",08291,Lößnitz,"03771 88 00 30"
Finkel,Uta,UtaFinkel@fleckens.hu,"Stresemannstr. 20",83248,Marquartstein,"06841 60 16 02"
Hoffmann,Marina,MarinaHoffmann@teleworm.us,"Grolmanstraße 28",28195,"Bremen Bahnhofsvorstadt","0421 70 83 18"
Himmel,Torsten,TorstenHimmel@gustr.com,"Pappelallee 52",09619,Dorfchemnitz,"037320 96 46"
Nussbaum,Kristin,KristinNussbaum@armyspy.com,"Gotzkowskystraße 72",59597,Erwitte,"02943 85 06 88"
Loewe,Martin,MartinLoewe@gustr.com,"Augsburger Straße 58",67580,Hamm,"02307 35 23 37"
Baecker,Johanna,JohannaBaecker@armyspy.com,"Lietzensee-Ufer 92",02783,Olbersdorf,"03583 42 21 40"
Fisher,Anna,,"Gotthardstrasse 51",99091,Erfurt,"0361 42 69 10"
Sanger,Katja,KatjaSanger@armyspy.com,"Anhalter Strasse 82",67725,Breunigweiler,"06357 93 90 62"
Luft,Leon,,"Kurfürstendamm 12",18087,Rostock,"0381 28 17 92"
Köhler,Katja,KatjaKohler@gustr.com,"Marseiller Strasse 80",82380,Bruckerhof,"08803 16 40 64"
Werner,Bernd,,"Jenaer Strasse 6",47138,Duisburg,"0203 48 34 80"
Weiss,Niklas,NiklasWeiss@armyspy.com,"Frankfurter Allee 15",89203,Neu-Ulm,"0731 19 89 04"
Baumgaertner,Sabine,SabineBaumgaertner@gustr.com,"Waldowstr. 4",77731,Willstätt,"07852 93 56 39"
Kluge,Nadine,,"Los-Angeles-Platz 59",22391,"Hamburg Wellingsbüttel","040 38 55 57"
Shuster,Stephanie,StephanieShuster@armyspy.com,"Fischerinsel 67",41363,Jüchen,"02164 71 52 55"
Scholz,Laura,LauraScholz@cuvox.de,"Ufnau Strasse 98",87672,Roßhaupten,"08364 67 14 03"
Seiler,Alexander,AlexanderSeiler@jourrapide.com,"Bleibtreustraße 61",78267,Aach,"07774 26 94 88"
,Steffen,SteffenDiederich@cuvox.de,"Heinrich Heine Platz 57",99882,Ohrdruf,"03624 63 77 53"
Meier,Paul,PaulMeier@dayrep.com,"Stuttgarter Platz 99",48703,Stadtlohn,"02563 32 01 98"
Braun,Michelle,,"Schoenebergerstrasse 78",49586,Neuenkirchen,"03834 26 95 66"
Daecher,Sabine,,"Bissingzeile 54",27432,Ebersdorf,"04761 30 18 52"
Wannemaker,Andrea,,"Koenigstrasse 97",38883,Blankenburg,"036043 64 06"
,Tim,TimLang@einrot.com,"Kurfürstenstraße 89",71334,"Waiblingen Beinstein","07151 81 65 89"
,Monika,MonikaFrueh@armyspy.com,"Charlottenstrasse 93",01257,Dresden,"0351 14 45 04"
Frueh,Ralf,RalfFrueh@rhyta.com,"Straße der Pariser Kommune 20",53125,Bonn,"0228 72 88 40"
Fink,Maximilian,,"Genterstrasse 17",27721,Ritterhude,"0421 59 22 59"
Diederich,Steffen,SteffenDiederich@cuvox.de,"Heinrich Heine Platz 57",99882,Ohrdruf,"03624 63 77 53"
Baer,Maximilian,MaximilianBaer@teleworm.us,"Leipziger Straße 9",37627,Wangelnstedt,"05532 54 41 75"
,Martina,MartinaKalb@fleckens.hu,"Eschenweg 74",98681,Ilmenau,"03677 94 62 94"
Klug,Anne,AnneKlug@einrot.com,"Fugger Strasse 80",46485,Wesel,"0281 83 19 41"
Feierabend,Mandy,,"Stuttgarter Platz 37",55606,Horbach,"02602 60 49 35"
Jaeger,Lukas,LukasJaeger@gustr.com,"Kurfürstenstraße 75",73037,"Göppingen Hohenstaufen","07165 98 38 33"
,Frank,FrankKohler@cuvox.de,"Paul-Nevermann-Platz 80",97422,Schweinfurt,"09721 78 72 08"
Drescher,Uta,UtaDrescher@jourrapide.com,"Koepenicker Str. 11",55765,Rimsberg,"06782 84 38 19"
,Ute,UteEisenberg@fleckens.hu,"Lietzensee-Ufer 57",01788,Pirna,"03501 65 72 34"
Mauer,Mike,MikeMauer@superrito.com,"Schönwalder Allee 87",24755,Rendsburg,"04331 91 85 03"
Keller,Jennifer,JenniferKeller@fleckens.hu,"Bayreuther Strasse 70",72768,"Reutlingen Römerschanze","071 87 08 99"
Schweizer,Tom,,"Hans-Grade-Allee 74",22929,Delingsdorf,"04532 95 08 11"
Gerste,Karin,KarinGerste@teleworm.us,"Lützowplatz 11",54578,Basberg,"06593 13 54 83"
Maurer,Stephanie,,"Langenhorner Chaussee 10",83325,Waging,"08684 24 49 07"
Traugott,Melanie,MelanieTraugott@superrito.com,"Kieler Strasse 10",84535,Ampfing,"08636 77 62 74"
,Ute,UteKalb@dayrep.com,"Am Borsigturm 36",41464,"Neuss Pomona","02137 26 95 51"
Frei,Barbara,,"Neuer Jungfernstieg 74",94436,Simbach,"08734 20 05 24"
Wechsler,Jürgen,JurgenWechsler@teleworm.us,"Neue Roßstr. 21",54296,"Trier Trier-Nord","0651 32 80 15"
Mueller,Lukas,LukasMueller@gustr.com,"Budapester Strasse 90",27412,Bülstedt,"04283 39 54 75"
Gärtner,Ulrike,UlrikeGartner@gustr.com,"Langenhorner Chaussee 83",83385,Freilassing,"08654 27 78 00"
Seiler,Monika,MonikaSeiler@fleckens.hu,"Hans-Grade-Allee 29",23818,Neuengörs,"04550 55 30 81"
Gersten,Alexander,AlexanderGersten@armyspy.com,"Mellingburgredder 49",91802,Meinheim,"09146 88 85 20"
,Erik,ErikReiniger@cuvox.de,"Langenhorner Chaussee 79",93430,Furth,"08704 71 16 71"
,Robert,RobertShuster@fleckens.hu,"Gubener Str. 97",72229,Rohrdorf,"08031 95 22 73"
Berg,Benjamin,,"Kurfürstenstraße 73",73087,Boll,"07164 82 01 67"
,Jens,JensKappel@teleworm.us,"Bleibtreustraße 84",78267,Aach,"07774 88 96 62"
Konig,Luca,,"Kantstrasse 54",90227,Nürnberg,"0911 88 68 54"
Möller,Thorsten,,"Waldowstr. 73",83737,Irschenberg,"08020 38 51 89"
,Markus,MarkusBlau@einrot.com,"Leipziger Strasse 17",49084,Osnabrück,"0541 86 05 81"
Diederich,Anne,AnneDiederich@dayrep.com,"Landsberger Allee 80",80099,München,"089 64 43 07"
Neumann,Stefanie,,"Fugger Strasse 7",56073,"Koblenz Rauental","0261 25 68 07"
,Martin,MartinNeustadt@fleckens.hu,"Kantstraße 22",09354,Gersdorf,"03723 40 64 21"
Bieber,Janina,JaninaBieber@einrot.com,"Leopoldstraße 94",12627,"Berlin Hellersdorf","030 61 41 94"
Mahler,Marko,MarkoMahler@einrot.com,"Brandenburgische Str. 99",75210,Keltern,"07082 27 99 59"
Eichmann,Christian,ChristianEichmann@einrot.com,"Fasanenstrasse 50",22609,"Hamburg Othmarschen","040 79 85 16"
Lehmann,Tim,TimLehmann@superrito.com,"Paderborner Strasse 99",86879,Wiedergeltingen,"08241 97 00 95"
Kaestner,Stefanie,,"Leopoldstraße 72",57080,Siegen,"027 68 70 19"
Amsel,Martin,,"Brandenburgische Str 32",56291,Kisselbach,"06746 19 44 36"
,Leon,LeonMueller@gustr.com,"Koenigstrasse 36",37359,Büttstedt,"036373 80 94"
Luft,Anja,AnjaLuft@gustr.com,"Alt Reinickendorf 22",86485,Biberbach,"08271 97 38 47"
,Marina,MarinaNeustadt@superrito.com,"Prager Str 33",82116,Gauting,"08153 17 37 49"
Feierabend,Tobias,TobiasFeierabend@einrot.com,"Brandenburgische Str 23",56281,Hungenroth,"06747 82 46 74"
Duerr,Michelle,MichelleDuerr@superrito.com,"Grosse Praesidenten Str. 61",74855,Haßmersheim,"06261 47 88 26"
Abendroth,Frank,FrankAbendroth@armyspy.com,"An Der Urania 26",25557,Beldorf,"04835 77 23 30"
Lemann,Diana,,"Alt-Moabit 42",14705,Rathenow,"03385 48 23 62"
Gloeckner,Heike,HeikeGloeckner@cuvox.de,"Borstelmannsweg 29",96412,Coburg,"09561 67 35 34"
Furst,Florian,FlorianFurst@cuvox.de,"Mühlenstrasse 92",97209,Veitshöchheim,"0931 67 60 81"
Nagel,Tom,TomNagel@dayrep.com,"Landhausstraße 14",16505,Oranienburg,"03301 27 48 96"
Werner,Torsten,TorstenWerner@fleckens.hu,"Lietzenburger Straße 11",29472,Damnatz,"05865 72 91 74"
,Dominik,DominikSchmidt@superrito.com,"Augsburger Strasse 84",91231,Neunkirchen,"02735 31 14 88"
Wirth,Anja,AnjaWirth@armyspy.com,"Bleibtreustraße 5",77975,Ringsheim,"07822 99 19 27"
Saenger,Lisa,LisaSaenger@jourrapide.com,"Ansbacher Strasse 9",55490,Woppenroth,"06544 69 55 97"
,Alexander,AlexanderDiederich@teleworm.us,"Kieler Strasse 38",84467,Waldkraiburg,"08638 82 60 09"
Weber,Daniela,,"Budapester Straße 32",54329,Konz,"06501 72 93 58"
Wirth,Alexander,,"Lietzensee-Ufer 75",01782,Pirna,"03501 50 91 43"
Freud,Paul,PaulFreud@cuvox.de,"Schmarjestrasse 15",06892,Zahna,"033747 92 41"
Mauer,Stefan,StefanMauer@jourrapide.com,"Kastanienallee 49",24861,Bergenhusen,"04885 81 04 82"
Vogler,David,,"Koepenicker Str. 85",56357,Weyer,"06772 30 48 40"
Fink,Mathias,,"Esplanade 76",85622,Feldkirchen,"09420 79 92 82"
Schreiner,Leon,LeonSchreiner@cuvox.de,"An der Alster 45",23994,"Bad Kleinen","038423 66 97"
,Steffen,SteffenRichter@rhyta.com,"Prager Str 39",82311,Starnberg,"08151 27 98 56"
Freud,Robert,RobertFreud@armyspy.com,"Fugger Strasse 47",14431,Potsdam,"0331 28 36 94"
Strauss,Manuela,ManuelaStrauss@jourrapide.com,"Potsdamer Platz 77",85066,Eichstätt,"08421 18 13 92"
Biermann,Mike,,"Holstenwall 68",95147,Selbitz,"034928 83 28"
Kirsch,Tom,TomKirsch@fleckens.hu,"Rosenstrasse 84",81505,München,"089 35 50 08"
Rothschild,Franziska,FranziskaRothschild@jourrapide.com,"Prenzlauer Allee 93",06009,Halle,"0345 50 54 55"
,Wolfgang,WolfgangKoehler@teleworm.us,"Kieler Strasse 94",84446,Mühldorf,"08631 38 24 84"
Dietrich,Michelle,MichelleDietrich@einrot.com,"Hardenbergstraße 23",66871,Ehweiler,"06384 92 41 45"
Baumgartner,Stephanie,StephanieBaumgartner@armyspy.com,"Straße der Pariser Kommune 99",50735,"Köln Nippes","0221 64 28 34"
,Mike,MikeMehler@einrot.com,"Stresemannstr. 93",66770,Schwalbach,"06831 42 59 44"
,Antje,AntjeKeller@cuvox.de,"Amsinckstrasse 55",03119,Welzow,"035751 90 21"
Beckenbauer,Nadine,NadineBeckenbauer@gustr.com,"Paderborner Strasse 84",87713,Mindelheim,"08261 85 51 31"
Gaertner,Anja,,"An der Alster 30",39176,Barleben,"039203 58 17"
,Alexander,AlexanderUnger@fleckens.hu,"Bissingzeile 8",27616,Appeln,"04747 43 02 37"
Beich,Uta,UtaBeich@dayrep.com,"Konstanzer Strasse 2",63654,Büdingen,"06041 11 97 41"
Drechsler,Laura,LauraDrechsler@superrito.com,"Scharnweberstrasse 51",69517,Gorxheimertal,"06201 92 82 54"
Bar,Luca,,"Chausseestr. 44",21451,Reinbek,"04104 71 24 57"
Kuester,Markus,MarkusKuester@dayrep.com,"Brandenburgische Str. 37",71287,Weissach,"07044 81 72 34"
Feierabend,Mandy,MandyFeierabend@armyspy.com,"Stuttgarter Platz 37",55606,Horbach,"02602 60 49 35"
,Marie,MarieGartner@fleckens.hu,"Koepenicker Str. 92",56355,Winterwerb,"06776 40 98 53"
Kastner,Marcel,MarcelKastner@teleworm.us,"Friedrichstrasse 59",46117,"Oberhausen Eisenheim","0208 16 17 57"
,Marina,MarinaSchmidt@dayrep.com,"Sonnenallee 66",86028,Augsburg,"0821 79 32 75"
Gersten,Frank,,"Güntzelstrasse 3",54426,Malborn,"06503 27 56 53"
Vogt,Monika,MonikaVogt@superrito.com,"Inge Beisheim Platz 3",25311,Elmshorn,"04121 40 39 26"
Richter,Paul,,"Mohrenstrasse 57",72532,Gomadingen,"07385 37 77 39"
,Tim,TimDreher@armyspy.com,"Meininger Strasse 71",66571,Eppelborn,"06827 34 00 62"
,Uwe,UweSommer@gustr.com,"Kurfürstenstraße 97",73574,Iggingen,"07175 37 63 93"
Daecher,Sabine,SabineDaecher@armyspy.com,"Bissingzeile 54",27432,Ebersdorf,"04761 30 18 52"
,Uta,UtaSchmitz@armyspy.com,"Los-Angeles-Platz 76",22085,"Hamburg Uhlenhorst","040 11 69 34"
,Jörg,JorgFuerst@gustr.com,"Leipziger Straße 67",34212,Melsungen,"05602 61 49 09"
,Mike,MikeJung@armyspy.com,"Eichendorffstr. 44",72149,Neustetten,"07457 77 61 12"
,Uwe,UweWeber@cuvox.de,"Eichendorffstr. 2",88097,Eriskirch,"07541 52 22 91"
Schroeder,Matthias,,"Hans-Grade-Allee 25",24983,Handewitt,"04608 80 27 35"
Barth,Dominik,DominikBarth@teleworm.us,"Schillerstrasse 15",85375,Neufahrn,"08165 70 79 15"
,Daniel,DanielEgger@dayrep.com,"Kieler Strasse 27",83347,Palling,"08629 60 46 56"
Abend,Lisa,LisaAbend@einrot.com,"Alsterkrugchaussee 44",91107,Schwabach,"09122 94 55 50"
Fiedler,Sebastian,SebastianFiedler@jourrapide.com,"Charlottenstrasse 32",01447,Radeberg,"0351 11 21 99"
Schmitz,Lena,LenaSchmitz@rhyta.com,"Schaarsteinweg 34",94363,Oberschneiding,"09424 66 94 83"
Rothstein,Michael,MichaelRothstein@superrito.com,"Knesebeckstraße 47",58638,Iserlohn,"02371 65 14 97"
Faber,Karolin,KarolinFaber@gustr.com,"Ufnau Strasse 31",87578,Kaufbeuren,"08341 92 42 66"
Pfeffer,Felix,FelixPfeffer@jourrapide.com,"Eschenweg 31",96508,Sonneberg,"03675 68 63 50"
Koenig,David,,"Bayreuther Strasse 66",89073,"Ulm Oststadt","073 97 19 82"
Frei,Doreen,,"Flughafenstrasse 9",92210,Amberg,"09621 86 61 08"
,Diana,DianaFiedler@gustr.com,"Rosenstrasse 29",81505,München,"089 68 63 79"
Zweig,Christin,ChristinZweig@gustr.com,"Knesebeckstraße 94",59069,Hamm,"02385 89 31 72"
Mehler,Leonie,LeonieMehler@cuvox.de,"Sömmeringstr. 46",75203,Königsbach-Stein,"07232 88 62 52"
Gloeckner,Leon,,"Gotzkowskystrasse 78",57612,Ölsen,"02681 61 96 66"
,Martin,MartinLange@fleckens.hu,"Hoheluftchaussee 28",04767,Mügeln,"034362 11 61"
,Alexander,AlexanderBlau@rhyta.com,"Nuernbergerstrasse 53",26676,Barßel,"04409 65 43 94"
Eisenberg,Maximilian,MaximilianEisenberg@rhyta.com,"Kantstrasse 13",95413,Bayreuth,"0921 18 54 24"
Weisz,Stephan,,"Lietzenburger Straße 84",29396,Schönewörde,"05835 12 86 14"
,Stephan,StephanKuhn@einrot.com,"Bleibtreustrasse 11",33104,"Paderborn Schloß Neuhaus","05254 42 58 27"
Kohl,Simone,,"Stuttgarter Platz 87",56237,Sessenbach,"02601 98 94 15"
,Tim,TimWechsler@gustr.com,"Reeperbahn 43",94261,Kirchdorf,"038351 32 75"
Nussbaum,Sabrina,,"Landhausstraße 29",59969,Hallenberg,"02984 84 98 75"
,Erik,ErikFriedman@cuvox.de,"Sömmeringstr. 82",89160,Dornstadt,"07304 58 54 24"
Baer,Thorsten,,"Joachimstaler Str. 47",55481,"Ober Kostenz","06763 40 86 96"
Schulz,Christian,ChristianSchulz@rhyta.com,"Lietzenburger Straße 65",49832,Messingen,"05905 64 59 40"
Kuhn,Tanja,,"Brandenburgische Straße 19",12305,"Berlin Lichtenrade","030 70 71 10"
Hoffmann,Sabrina,SabrinaHoffmann@teleworm.us,"Jahnstrasse 72",83093,"Bad Endorf","08053 62 11 83"
Kohler,Swen,,"Waßmannsdorfer Chaussee 43",22761,"Hamburg Bahrenfeld","040 65 74 46"
Kastner,Dominik,,"Kastanienallee 38",26579,Baltrum,"04939 17 22 47"
Farber,Christina,,"Buelowstrasse 37",56767,Kaperich,"02657 48 82 84"
Eisenhauer,Sarah,SarahEisenhauer@rhyta.com,"Kantstrasse 95",90431,Nürnberg,"0911 87 00 93"
,Stephanie,StephanieRothstein@armyspy.com,"Prager Str 12",85245,Schwabhausen,"08138 92 16 01"
Schäfer,Marcel,MarcelSchafer@rhyta.com,"Bissingzeile 54",21789,Wingst,"04754 67 80 44"
,Thomas,ThomasFrueh@cuvox.de,"Sömmeringstr. 47",75180,"Pforzheim Sonnenberg","07231 79 45 16"
Schultz,David,,"Kantstrasse 23",97216,Gerbrunn,"0931 72 82 31"
Schreiber,Katharina,KatharinaSchreiber@einrot.com,"Hallesches Ufer 37",66684,Wadern,"06871 37 23 69"
Thalberg,Erik,,"Friedrichstrasse 16",40589,"Düsseldorf Itter","0211 43 77 95"
Lehmann,Tim,TimLehmann@superrito.com,"Paderborner Strasse 99",86879,Wiedergeltingen,"08241 97 00 95"
Fuchs,Ralph,RalphFuchs@gustr.com,"Rudolstaedter Strasse 85",63717,Aschaffenburg,"06021 82 11 57"
Krüger,René,ReneKruger@dayrep.com,"Schoenebergerstrasse 56",18401,Stralsund,"03831 76 18 45"
Wagner,Mandy,,"Büsingstrasse 22",85752,Karlsfeld,"08131 42 85 38"
,Michael,MichaelBayer@dayrep.com,"Fontenay 14",95224,Helmbrechts,"09252 61 01 86"
König,Monika,,"Luetzowplatz 3",54636,Wiersdorf,"06569 58 01 54"
Pfeifer,Sarah,,"Augsburger Strasse 60",57520,Mauden,"02743 28 03 59"
,Torsten,TorstenFleischer@dayrep.com,"Ellmenreichstrasse 5",95490,Mistelgau,"09204 75 19 27"
,Klaus,KlausMetzger@teleworm.us,"Kantstraße 1",09401,Zschopau,"03725 81 65 40"
Nadel,Silke,,"Sömmeringstr. 4",76870,Kandel,"07275 65 94 89"
Zimmer,Kathrin,KathrinZimmer@gustr.com,"Langenhorner Chaussee 31",83336,Chieming,"08664 68 78 74"
Kunze,Silke,,"Luebeckertordamm 80",91315,Höchstadt,"09163 20 62 58"
Wirth,Max,MaxWirth@rhyta.com,"Karl-Liebknecht-Strasse 91",25486,Alveslohe,"04191 25 87 77"
Eberhart,Robert,RobertEberhart@superrito.com,"Rudolstaedter Strasse 53",74246,Eberstadt,"06004 28 48 60"
Fassbinder,Kevin,KevinFassbinder@einrot.com,"Holstenwall 99",04916,Ahlsdorf,"034772 89 74"
,Matthias,MatthiasBlau@fleckens.hu,"Koenigstrasse 41",99326,Behringen,"036254 70 79"
,Swen,SwenKaiser@fleckens.hu,"Heinrich Heine Platz 31",02603,Bautzen,"03591 61 47 90"
Junker,Mathias,,"Leipziger Strasse 3",49084,Osnabrück,"0541 61 87 62"
Glockner,Steffen,SteffenGlockner@teleworm.us,"Buelowstrasse 24",57629,Luckenbach,"02662 46 30 20"
,Birgit,BirgitEgger@jourrapide.com,"Ruschestrasse 48",38805,Halberstadt,"03941 91 41 42"
Bar,Luca,LucaBar@cuvox.de,"Chausseestr. 44",21451,Reinbek,"04104 71 24 57"
Bohm,Anna,,"Waldowstr. 64",97996,Niederstetten,"07931 83 76 65"
Schiffer,Eric,EricSchiffer@armyspy.com,"Alt Reinickendorf 24",86477,Adelsried,"08293 50 57 55"
,Dennis,DennisStrauss@fleckens.hu,"Brandenburgische Str. 54",74232,Abstatt,"07062 49 93 76"
Lehmann,Dominik,DominikLehmann@cuvox.de,"Kastanienallee 62",26835,Holtland,"04950 19 82 71"
Mueller,Gabriele,GabrieleMueller@einrot.com,"Rhinstrasse 24",80935,München,"089 62 45 31"
Traugott,Melanie,MelanieTraugott@superrito.com,"Kieler Strasse 10",84535,Ampfing,"08636 77 62 74"
Ziegler,Steffen,SteffenZiegler@fleckens.hu,"Reeperbahn 36",18352,Barth,"038231 84 21"
,Sebastian,SebastianGottschalk@teleworm.us,"Budapester Strasse 25",24514,Neumünster,"04321 16 58 37"
Thalberg,Christine,ChristineThalberg@dayrep.com,"Schmarjestrasse 1",93446,Waldmünchen,"09978 36 36 82"
Gruenewald,Jan,JanGruenewald@fleckens.hu,"Hans-Grade-Allee 86",25850,Behrendorf,"04544 95 16 85"
Nussbaum,Thomas,,"Bissingzeile 87",27432,Hipstedt,"04761 10 84 15"
Koenig,Matthias,,"Alsterkrugchaussee 28",90619,Trautskirchen,"09107 29 55 89"
Baer,Mandy,MandyBaer@teleworm.us,"Albrechtstrasse 45",87411,Kempten,"0831 36 86 85"
,Sven,SvenGruenewald@gustr.com,"Konstanzer Strasse 88",61197,Florstadt,"06035 15 80 42"
Traugott,Ines,InesTraugott@einrot.com,"Jahnstrasse 12",83233,Bernau,"08051 32 02 95"
Frey,Andreas,AndreasFrey@cuvox.de,"Ansbacher Strasse 77",54497,Morbach,"06533 93 88 45"
,Sophia,SophiaScholz@superrito.com,"Meinekestraße 87",38872,Elbingerode,"05521 85 97 56"
,David,DavidWeiss@jourrapide.com,"Invalidenstrasse 66",67483,Edesheim,"06323 97 98 01"
Kaestner,Katrin,KatrinKaestner@fleckens.hu,"Güntzelstrasse 2",54492,Erden,"06532 96 10 67"
Koenig,David,DavidKoenig@teleworm.us,"Bayreuther Strasse 66",89073,"Ulm Oststadt","073 97 19 82"
Weiss,Niklas,NiklasWeiss@armyspy.com,"Frankfurter Allee 15",89203,Neu-Ulm,"0731 19 89 04"
Gottschalk,Doreen,DoreenGottschalk@gustr.com,"Marseiller Strasse 18",86736,Auhausen,"09082 18 59 47"
Gärtner,Christian,,"Brandenburgische Straße 94",12109,"Berlin Mariendorf","030 82 39 01"
Hartmann,Maria,,"Langenhorner Chaussee 25",83423,"Bad Reichenhall","08651 18 56 44"
Walter,Kathrin,KathrinWalter@armyspy.com,"Hermannstrasse 15",69251,Gaiberg,"06223 51 34 40"
Fenstermacher,Max,MaxFenstermacher@cuvox.de,"Pasewalker Straße 94",76534,Baden-Baden,"07221 61 29 00"
,Florian,FlorianAckermann@dayrep.com,"Leopoldstraße 66",44799,Bochum,"023 50 42 54"
Glockner,Anke,AnkeGlockner@rhyta.com,"Los-Angeles-Platz 47",21109,"Hamburg Veddel","040 32 45 13"
Schwab,Kristian,KristianSchwab@einrot.com,"Rudower Chaussee 72",23505,Lübeck,"01805 54 57 42"
Schmitt,Matthias,MatthiasSchmitt@rhyta.com,"Lietzenburger Strasse 7",51429,"Bergisch Gladbach Bärbroich","02202 79 09 86"
Fuchs,Lena,LenaFuchs@rhyta.com,"Schaarsteinweg 44",92516,Schwarzenfeld,"09435 29 41 51"
,Ursula,UrsulaWulf@superrito.com,"Alt-Moabit 73",04572,Deutzen,"03433 66 86 71"
Schiffer,Leah,LeahSchiffer@rhyta.com,"Rudower Chaussee 90",96135,Stegaurach,"0951 21 86 28"
,Matthias,MatthiasGruenewald@armyspy.com,"Mollstrasse 47",56370,Reckenroth,"06120 49 47 18"
Kohl,Karin,KarinKohl@cuvox.de,"Luckenwalder Strasse 27",30890,Barsinghausen,"05035 96 33 14"
Baader,Leon,LeonBaader@armyspy.com,"Rohrdamm 38",32051,"Herford Stedefreund","05221 51 84 17"
Gersten,Manuela,ManuelaGersten@rhyta.com,"Kurfürstenstraße 52",71093,"Weil im Schönbuch","07157 89 64 96"
Roth,Ute,UteRoth@dayrep.com,"Rosenstrasse 22",81613,München,"089 15 05 85"
Ackermann,Tanja,TanjaAckermann@jourrapide.com,"Neue Roßstr. 52",36037,Fulda,"0661 80 76 36"
Mueller,Ursula,UrsulaMueller@gustr.com,"Reeperbahn 79",33803,Steinhagen,"038327 18 45"
Hofmann,Tim,TimHofmann@gustr.com,"Rohrdamm 51",32108,"Bad Salzuflen Papenhausen","05208 27 99 12"
Gaertner,Thorsten,ThorstenGaertner@dayrep.com,"Mühlenstrasse 36",93057,Regensburg,"0941 34 44 29"
Daecher,Daniel,DanielDaecher@rhyta.com,"Albrechtstrasse 12",94003,Passau,"0851 57 85 53"
Traugott,Ines,,"Jahnstrasse 12",83233,Bernau,"08051 32 02 95"
Gloeckner,René,ReneGloeckner@rhyta.com,"Bayreuther Strasse 85",63075,"Offenbach am Main","069 77 41 40"
Gerber,Jana,JanaGerber@einrot.com,"Storkower Strasse 96",56244,Niedersayn,"02626 98 17 72"
Fuerst,Angelika,AngelikaFuerst@teleworm.us,"Gotthardstrasse 48",99089,Erfurt,"0361 90 45 71"
Baecker,Swen,SwenBaecker@fleckens.hu,"Marseiller Strasse 8",82381,Hohenpeißenberg,"08803 49 06 35"
Grunewald,Sebastian,SebastianGrunewald@superrito.com,"Spresstrasse 50",24918,Flensburg,"0461 82 41 50"
Weissmuller,Frank,FrankWeissmuller@jourrapide.com,"Schönwalder Allee 80",23758,Göhl,"04361 59 50 52"
Diederich,Silke,SilkeDiederich@gustr.com,"Stuttgarter Platz 50",76872,Winden,"02604 45 25 51"
Papst,Tobias,TobiasPapst@dayrep.com,"Büsingstrasse 16",82213,Maisach,"08135 81 96 45"
,Melanie,MelanieOsterhagen@einrot.com,"Potsdamer Platz 18",88131,Bodolz,"08382 70 65 22"
Metzger,Ralf,RalfMetzger@armyspy.com,"Meininger Strasse 48",66540,"Neunkirchen Münchwies","06821 59 70 32"
,Marco,MarcoDecker@jourrapide.com,"Hallesches Ufer 53",73240,Wendlingen,"07024 48 53 46"
Himmel,Andreas,AndreasHimmel@jourrapide.com,"Pasewalker Straße 29",76534,Baden-Baden,"07221 24 83 58"
,Sophia,SophiaUnger@dayrep.com,"Friedrichstrasse 55",40477,"Düsseldorf Golzheim","0211 44 87 80"
,Martin,MartinHoltzmann@superrito.com,"Bleibtreustraße 22",82351,Weilheim,"07741 72 61 32"
Krause,Dominik,DominikKrause@cuvox.de,"Unter den Linden 58",39041,Magdeburg,"0391 10 21 53"
Köhler,Frank,FrankKohler@cuvox.de,"Paul-Nevermann-Platz 80",97422,Schweinfurt,"09721 78 72 08"
Kortig,Peter,PeterKortig@dayrep.com,"Hans-Grade-Allee 90",24983,Handewitt,"04608 65 66 60"
Kuefer,Frank,,"Fischerinsel 26",41063,"Mönchengladbach Großheide","02161 34 70 19"
Schreiber,Katharina,KatharinaSchreiber@einrot.com,"Hallesches Ufer 37",66684,Wadern,"06871 37 23 69"
Gärtner,Kathrin,KathrinGartner@superrito.com,"Flotowstr. 86",06391,Bernburg,"03471 47 70 74"
,Lucas,LucasSchulze@rhyta.com,"Schönwalder Allee 32",24783,Osterrönfeld,"04331 95 79 44"
Kunze,Nadine,,"Jahnstrasse 80",92432,Bruck,"08091 69 35 70"
Beike,Mike,,"Joachimstaler Str. 6",56288,Braunshorn,"06762 33 00 15"
,Lukas,LukasSchreiber@cuvox.de,"Unter den Linden 75",19059,Schwerin,"0385 19 45 75"
Kluge,Vanessa,VanessaKluge@einrot.com,"Augsburger Strasse 10",57439,Attendorn,"02721 47 50 85"
Muench,Jennifer,JenniferMuench@gustr.com,"Boxhagener Str. 86",22087,"Hamburg Eilbek","040 39 63 83"
Hahn,Lukas,LukasHahn@jourrapide.com,"Schönwalder Allee 48",24884,Geltorf,"04354 51 58 99"
Engel,Michael,,"Brandenburgische Straße 84",13158,"Berlin Niederschönhausen","030 98 70 18"
Schuhmacher,Thomas,,"Prenzlauer Allee 6",04107,Leipzig,"0341 46 03 45"
Schneider,Susanne,SusanneSchneider@einrot.com,"An Der Urania 67",25541,Brunsbüttel,"04852 93 02 92"
,Janina,JaninaKirsch@superrito.com,"Knesebeckstraße 20",89250,Senden,"02509 18 07 53"
,Steffen,SteffenPfeifer@jourrapide.com,"Amsinckstrasse 38",02989,Lauta,"035722 41 58"
,Anja,AnjaKluge@dayrep.com,"Brandenburgische Straße 86",10965,"Berlin Neukölln","030 95 55 81"
Eberhart,Jonas,,"Ziegelstr. 7",94078,Freyung,"08551 81 07 60"
Kuester,Max,,"Genslerstraße 87",10965,"Berlin Tempelhof","030 17 19 49"
Eggers,Janina,JaninaEggers@teleworm.us,"Fugger Strasse 25",14439,Potsdam,"0331 58 66 15"
Weiss,Christin,ChristinWeiss@cuvox.de,"Stresemannstr. 60",66594,"St Wendel","06851 51 15 32"
Foerster,Katja,,"Hochstrasse 39",25993,Wenningstedt,"04651 32 91 69"
Schulz,Johanna,JohannaSchulz@dayrep.com,"Heiligengeistbrücke 52",91601,Dombühl,"09852 31 64 97"
Pfaff,Uwe,,"Marseiller Strasse 85",86986,Schwabbruck,"08868 34 92 40"
Kunze,Jessica,JessicaKunze@gustr.com,"Rosenstrasse 72",81613,München,"089 61 21 94"
Meyer,Martina,MartinaMeyer@dayrep.com,"Brandenburgische Strasse 14",76872,Freckenfeld,"06340 45 86 39"
Mueller,Lukas,,"Budapester Strasse 90",27412,Bülstedt,"04283 39 54 75"
Holzman,Max,MaxHolzman@cuvox.de,"Lietzenburger Strasse 23",53919,Weilerswist,"02251 87 53 52"
,Julia,JuliaMoeller@rhyta.com,"Pohlstrasse 55",38527,Meine,"05307 88 51 31"
Weber,Max,MaxWeber@jourrapide.com,"Lietzensee-Ufer 62",15902,Lübben,"03546 46 63 84"
Bosch,Maria,MariaBosch@jourrapide.com,"Invalidenstrasse 22",67487,Maikammer,"06321 33 43 98"
,Ines,InesBurger@einrot.com,"Hans-Grade-Allee 89",24858,Böklund,"04623 19 22 12"
,Jana,JanaScherer@fleckens.hu,"Flotowstr. 13",06556,Artern,"03466 76 08 25"
Richter,Steffen,SteffenRichter@rhyta.com,"Prager Str 39",82311,Starnberg,"08151 27 98 56"
Kruger,Sandra,SandraKruger@rhyta.com,"Prager Str 40",85242,Röhrmoos,"08139 94 45 56"
Bumgarner,Erik,,"Heiligengeistbrücke 70",91734,Mitteleschenbach,"09871 86 95 42"
Bachmeier,Katja,KatjaBachmeier@rhyta.com,"Borstelmannsweg 67",96421,Coburg,"09561 94 94 99"
,Jürgen,JurgenZimmermann@dayrep.com,"Lützowplatz 29",54534,Schladt,"06575 48 62 42"
Lang,Jens,JensLang@armyspy.com,"Hardenbergstraße 46",24372,Kappeln,"06385 93 08 10"
Fenstermacher,Diana,,"Schillerstrasse 9",82545,Eurasburg,"08171 30 72 28"
Bach,Jana,JanaBach@cuvox.de,"Mollstrasse 6",55118,"Mainz Mainz","06131 96 14 99"
Jaeger,Petra,PetraJaeger@superrito.com,"Fischerinsel 54",41068,"Mönchengladbach Venn","02161 59 62 62"
Foerster,Lena,LenaFoerster@jourrapide.com,"Jenaer Strasse 18",45145,Essen,"0201 37 18 38"
Grunwald,Markus,MarkusGrunwald@einrot.com,"Jenaer Strasse 66",45327,Essen,"0201 87 57 79"
Rothstein,Florian,FlorianRothstein@armyspy.com,"Stresemannstr. 93",83248,Marquartstein,"06841 35 62 57"
Koertig,Patrick,,"Kantstraße 38",09241,Mühlau,"03722 89 62 88"
,Philipp,PhilippWinkel@gustr.com,"Alt Reinickendorf 68",86370,Krumbach,"08283 23 83 48"
Gruenewald,Barbara,,"Anhalter Strasse 92",67813,Gerbach,"06361 59 23 21"
Busch,Maria,,"Koepenicker Str. 41",55743,Hintertiefenbach,"06784 11 33 93"
Mahler,Anke,AnkeMahler@armyspy.com,"Lützowplatz 54",54578,Basberg,"06593 84 17 83"
Schwab,Heike,HeikeSchwab@rhyta.com,"Esplanade 60",63912,Amorbach,"09373 88 63 85"
Herzog,Susanne,SusanneHerzog@superrito.com,"Bayreuther Strasse 95",72762,"Reutlingen Weststadt","071 79 48 07"
,Laura,LauraBraun@fleckens.hu,"Lützowplatz 92",54314,Schömerich,"06587 55 60 10"
Fried,Melanie,,"Sömmeringstr. 41",76751,Jockgrim,"07271 23 81 88"
Eberhardt,Marina,MarinaEberhardt@einrot.com,"Brandenburgische Str 58",55569,Nußbaum,"06751 32 57 45"
,Matthias,MatthiasBlau@fleckens.hu,"Koenigstrasse 41",99326,Behringen,"036254 70 79"
,Ulrich,UlrichWurfel@fleckens.hu,"Ollenhauer Str. 96",70182,"Stuttgart Mitte","0711 17 52 54"
Baer,Mandy,MandyBaer@armyspy.com,"Guentzelstrasse 39",36396,"Steinau an der Straße","06660 77 69 47"
Gottlieb,Lucas,LucasGottlieb@cuvox.de,"Hollander Strasse 24",65558,Gückingen,"06432 20 59 91"
Weiß,Andreas,AndreasWeiss@jourrapide.com,"Brandenburgische Str 16",55413,Niederheimbach,"06743 35 59 52"
Wechsler,Florian,,"Mühlenstrasse 40",97084,Würzburg,"0931 17 33 62"
,Kerstin,KerstinBlau@fleckens.hu,"Hoheluftchaussee 50",93464,Tiefenbach,"034322 34 23"
Reinhard,Maik,MaikReinhard@rhyta.com,"An Der Urania 22",24583,Nortorf,"04823 66 46 54"
Bayer,Uwe,,"Nuernbergerstrasse 4",49413,Dinklage,"04442 94 22 61"
,Leonie,LeonieMeier@einrot.com,"Rudower Chaussee 75",23509,Lübeck,"01805 41 44 41"
Zimmerman,Stephanie,,"Brandenburgische Straße 10",12559,"Berlin Köpenick","030 61 69 03"
,Leon,LeonEichmann@armyspy.com,"Luebeckertordamm 52",91487,Vestenbergsgreuth,"09163 66 78 12"