,Stephanie,StephanieMaurer@superrito.com,"Langenhorner Chaussee 10",83325,Waging,"08684 24 49 07"
Bayer,Gabriele,GabrieleBayer@rhyta.com,"Karl-Liebknecht-Strasse 28",24570,"Bad Bramstedt","04192 87 01 34"
Cole,Anja,AnjaCole@superrito.com,"Mühlenstrasse 69",97084,Würzburg,"0931 20 18 58"
Junker,Lukas,LukasJunker@armyspy.com,"Kieler Strasse 83",84558,Kirchweidach,"08623 89 60 51"
,Uta,UtaMeister@jourrapide.com,"Scharnweberstrasse 1",68519,Viernheim,"06204 61 51 20"
Eisenhauer,Sophie,,"Rankestraße 96",94119,Salzweg,"08501 68 82 27"
Gärtner,Kevin,KevinGartner@superrito.com,"Schmarjestrasse 53",15741,Bestensee,"033763 29 86"
Metzger,Benjamin,BenjaminMetzger@dayrep.com,"Grolmanstraße 64",28757,"Bremen Fähr-Lobbendorf","0421 45 98 38"
Austerlitz,Vanessa,VanessaAusterlitz@cuvox.de,"Ufnau Strasse 60",87779,Trunkelsberg,"08331 39 71 04"
,Eric,EricDrescher@einrot.com,"Lietzensee-Ufer 80",03231,Finsterwalde,"03531 62 08 55"
Krüger,Dennis,,"Ansbacher Strasse 54",55758,Schauren,"06545 73 48 75"
Bosch,Uwe,UweBosch@fleckens.hu,"Konstanzer Strasse 11",63811,Stockstadt,"06027 71 09 59"
Wirth,Mathias,,"Sömmeringstr. 21",68753,Waghäusel,"07254 57 12 60"
,Karin,KarinEberhardt@einrot.com,"An der Alster 95",49688,Lastrup,"038461 30 30"
Hahn,Ulrich,UlrichHahn@superrito.com,"Kastanienallee 32",24819,Embühren,"04875 97 71 34"
Bosch,Dieter,,"Pohlstrasse 44",38368,Grasleben,"05357 42 12 31"
Rothschild,Marcel,,"Kurfürstendamm 89",18242,Bützow,"0384 63 16 11"
Gärtner,Mathias,MathiasGartner@fleckens.hu,"Neuer Jungfernstieg 44",84010,Landshut,"08707 72 43 45"
Schreiner,René,ReneSchreiner@teleworm.us,"Schönhauser Allee 67",78187,Geisingen,"07704 26 54 52"
Reiniger,Christina,,"Brandenburgische Strasse 39",96272,Hochstadt,"06347 43 27 39"
,Klaudia,KlaudiaGerber@jourrapide.com,"Fischerinsel 34",41068,"Mönchengladbach Venn","02161 22 04 37"
Maurer,Julia,JuliaMaurer@fleckens.hu,"Grosse Praesidenten Str. 77",74928,Hüffenhardt,"06268 87 48 23"
,Daniel,DanielWaechter@gustr.com,"Schönhauser Allee 41",79369,Wyhl,"07642 10 34 59"
Koehler,Sabine,SabineKoehler@cuvox.de,"Amsinckstrasse 75",02954,Rietschen,"035772 55 42"
,Kathrin,KathrinTraugott@rhyta.com,"Alter Wall 59",63883,Miltenberg,"09371 69 86 82"
,Felix,FelixFaust@einrot.com,"Spresstrasse 10",27580,"Bremerhaven Weddewarden","0471 65 33 52"
Gärtner,Luca,LucaGartner@jourrapide.com,"Boxhagener Str. 7",22113,"Hamburg Horn","040 12 21 94"
Busch,Uta,UtaBusch@einrot.com,"Gubener Str. 89",83677,Greiling,"08041 21 57 35"
Mehler,Paul,PaulMehler@cuvox.de,"Inge Beisheim Platz 8",25351,Barmstedt,"04123 84 39 22"
Finkel,Julia,JuliaFinkel@jourrapide.com,"Gotzkowskystraße 63",47559,Kranenburg,"02826 29 95 62"
Pfaff,Markus,,"Hardenbergstraße 59",66887,Rammelsbach,"06381 16 96 22"
,Ulrich,UlrichSommer@armyspy.com,"Mellingburgredder 68",91799,Langenaltheim,"09142 26 82 61"
,Mandy,MandyMeister@armyspy.com,"Unter den Linden 4",28195,"Bremen Altstadt","0421 69 90 69"
,Jennifer,JenniferBaer@dayrep.com,"Rudower Chaussee 58",46242,"Bottrop Süd-West-Innenstadt","02045 24 91 27"
Peters,Sabine,,"Bleibtreustrasse 89",16794,Fürstenberg,"05271 66 68 48"
Abt,Jens,JensAbt@jourrapide.com,"Grolmanstraße 53",28207,"Bremen Hastedt","0421 70 30 85"
Fried,Laura,LauraFried@gustr.com,"Brandenburgische Str 3",56283,Beulich,"06745 13 77 74"
Gottschalk,Steffen,SteffenGottschalk@einrot.com,"Invalidenstrasse 62",66503,Dellfeld,"06336 47 80 97"
,Leah,LeahSchiffer@gustr.com,"Güntzelstrasse 45",84561,Mehring,"06502 64 43 75"
,Juliane,JulianeKohl@superrito.com,"An der Schillingbrucke 1",89613,Grundsheim,"07357 93 98 18"
Diederich,Alexander,AlexanderDiederich@teleworm.us,"Kieler Strasse 38",84467,Waldkraiburg,"08638 82 60 09"
Daecher,Ralf,RalfDaecher@dayrep.com,"Flotowstr. 11",06873,"Lutherstadt Wittenberg","03491 87 37 39"
,Jonas,JonasKaestner@armyspy.com,"Borstelmannsweg 42",92238,Hirschau,"09608 53 96 69"
,Maria,MariaThalberg@cuvox.de,"Güntzelstrasse 59",54646,Bettingen,"06527 13 11 90"
Zimmerman,Tanja,TanjaZimmerman@dayrep.com,"Brandenburgische Straße 18",10178,"Berlin Mitte","030 70 40 11"
Junker,Christine,,"Langenhorner Chaussee 51",93430,Furth,"08704 29 99 35"
Mayer,Karin,KarinMayer@einrot.com,"Hermannstrasse 64",69115,"Heidelberg Weststadt","06221 90 98 54"
Traugott,Stefanie,,"Koepenicker Str. 84",56346,Lykershausen,"06773 17 36 61"
Schweizer,Jan,,"Storkower Strasse 32",56566,"Neuwied Heimbach-Weis","02622 43 19 89"
Möller,Tobias,TobiasMoller@dayrep.com,"Pappelallee 7",09515,Zöblitz,"037363 44 02"
Bürger,Nadine,NadineBurger@fleckens.hu,"Holstenwall 66",06809,Petersroda,"034954 44 59"
Hoover,Katja,KatjaHoover@fleckens.hu,"Storkower Strasse 34",56323,Waldesch,"02628 99 89 65"
Herman,Michael,MichaelHerman@dayrep.com,"Gruenauer Strasse 15",21514,Bröthen,"04155 76 45 70"
,Maik,MaikFrankfurter@armyspy.com,"Pohlstrasse 78",38319,Remlingen,"05336 94 84 97"
Bumgarner,Max,,"Invalidenstrasse 72",66484,Großsteinhausen,"06339 16 48 24"
,Katja,KatjaBauer@dayrep.com,"Anhalter Strasse 26",67685,Erzenhausen,"06374 55 11 56"
Trommler,Juliane,JulianeTrommler@einrot.com,"Friedrichstrasse 67",40223,"Düsseldorf Bilk","0211 46 25 48"
Koch,Susanne,SusanneKoch@gustr.com,"Hallesches Ufer 54",66675,Losheim,"06872 84 77 15"
Kalb,Sophie,,"Langenhorner Chaussee 63",83309,Siegsdorf,"08662 24 37 50"
,David,DavidFreitag@fleckens.hu,"Büsingstrasse 10",82054,Sauerlach,"08104 69 40 23"
,Christian,ChristianBosch@rhyta.com,"Luebeckertordamm 46",90514,Altdorf,"09187 83 95 05"
Propst,David,DavidPropst@gustr.com,"Schillerstrasse 57",86453,Dasing,"08205 22 41 98"
Kaiser,Lena,LenaKaiser@superrito.com,"Ansbacher Strasse 75",55491,Niederweiler,"06543 91 49 99"
Dresdner,Thomas,ThomasDresdner@einrot.com,"An Der Urania 22",25845,Elisabeth-Sophien-Koog,"04842 55 65 24"
Roth,Eric,EricRoth@rhyta.com,"Brandenburgische Strasse 63",67308,Ottersheim,"06355 27 13 76"
,Ulrich,UlrichTraugott@teleworm.us,"Kurfürstenstraße 45",71696,Möglingen,"07141 64 82 22"
Pfaff,Simone,,"Nuernbergerstrasse 7",27801,Dötlingen,"04433 81 50 36"
,Alexander,AlexanderKunze@gustr.com,"Pasewalker Straße 7",76534,Baden-Baden,"07221 25 77 43"
,Marko,MarkoSchwartz@gustr.com,"Am Borsigturm 19",41542,"Dormagen Gohr","02133 96 09 03"
Schäfer,Sven,SvenSchafer@jourrapide.com,"Frankfurter Allee 50",76185,"Karlsruhe Nordweststadt","0721 15 07 85"
Frei,Silke,SilkeFrei@einrot.com,"Jahnstrasse 13",83225,Aschau,"08057 74 66 30"
Lang,Matthias,MatthiasLang@gustr.com,"Neuer Jungfernstieg 92",84094,Elsendorf,"08753 36 53 38"
Herrmann,Stefan,StefanHerrmann@dayrep.com,"Hollander Strasse 51",65558,Flacht,"06432 89 14 27"
Lange,Ines,InesLange@fleckens.hu,"Marseiller Strasse 65",82402,Seeshaupt,"08801 18 88 09"
Wirth,Jessika,JessikaWirth@cuvox.de,"Rudower Strasse 96",54673,Neuerburg,"06564 53 51 77"
,Sophie,SophieEisenhauer@teleworm.us,"Rankestraße 96",94119,Salzweg,"08501 68 82 27"
Amsel,Ralf,RalfAmsel@superrito.com,"Am Borsigturm 90",47804,Krefeld,"02151 43 44 96"
Maur,Janina,,"Oldesloer Strasse 20",98508,Suhl,"036846 61 98"
Fenstermacher,Anna,AnnaFenstermacher@superrito.com,"Landsberger Allee 9",80535,München,"089 61 46 84"
Maurer,René,,"Koepenicker Str. 27",55767,Buhlenberg,"06782 39 81 93"
,Lea,LeaSchulze@dayrep.com,"Rudower Strasse 10",54595,Pittenbach,"06556 10 65 62"
Theiss,Florian,FlorianTheiss@armyspy.com,"Billwerder Neuer Deich 73",96277,Schneckenlohe,"09266 35 38 99"
Kirsch,Patrick,PatrickKirsch@dayrep.com,"Alt Reinickendorf 39",87538,Balderschwang,"08328 82 97 37"
Klein,Dieter,DieterKlein@cuvox.de,"Frankfurter Allee 89",88213,Ravensburg,"0751 22 12 43"
,Ralf,RalfBeyer@cuvox.de,"Schönwalder Allee 29",93453,Neukirchen,"04365 62 99 39"
Wexler,Christina,ChristinaWexler@gustr.com,"Fontenay 96",95205,Münchberg,"09251 35 27 46"
Fuerst,Steffen,SteffenFuerst@dayrep.com,"Prager Str 79",85244,Röhrmoos,"08139 57 19 77"
Schuster,Karolin,KarolinSchuster@dayrep.com,"Lietzenburger Straße 19",29584,Himbergen,"05828 15 90 24"
Koch,Leonie,LeonieKoch@superrito.com,"Luebecker Strasse 51",93133,Burglengenfeld,"09471 28 49 05"
,Maximilian,MaximilianTheiss@teleworm.us,"Kurfuerstendamm 74",80003,München,"089 77 51 93"
Friedman,Jürgen,,"Rohrdamm 61",32051,"Herford Stedefreund","05221 56 85 19"
Zimmerman,Tobias,TobiasZimmerman@fleckens.hu,"Koepenicker Str. 59",55758,Mittelreidenbach,"06784 19 92 66"
Kohl,Dirk,,"Guentzelstrasse 41",34633,Ottrau,"06628 84 49 33"
Duerr,Felix,,"Mühlenstrasse 7",93001,Regensburg,"0941 79 18 28"
Friedmann,Torsten,TorstenFriedmann@cuvox.de,"Bleibtreustraße 64",73347,Mühlhausen,"07832 17 17 73"
Klug,Phillipp,PhillippKlug@einrot.com,"Luckenwalder Strasse 34",31135,Hildesheim,"05121 91 73 36"
Zimmer,Mario,,"Budapester Straße 92",55469,Nannhausen,"06461 69 76 25"
Koenig,Maximilian,MaximilianKoenig@jourrapide.com,"Joachimstaler Str. 75",56288,Kastellaun,"06762 30 11 49"
,Ulrich,UlrichHahn@superrito.com,"Kastanienallee 32",24819,Embühren,"04875 97 71 34"
,Anne,AnneJung@superrito.com,"Pohlstrasse 89",38556,Bokensdorf,"05366 28 09 01"
Fleischer,Jörg,JorgFleischer@armyspy.com,"Koenigstrasse 78",06503,Gernrode,"036076 47 74"
Hofmann,Gabriele,GabrieleHofmann@teleworm.us,"Mollstrasse 92",82418,Hofheim,"06122 56 20 29"
,Niklas,NiklasGottlieb@dayrep.com,"Grosse Praesidenten Str. 61",67697,Otterberg,"06301 87 52 60"
,Marina,MarinaFassbinder@fleckens.hu,"Inge Beisheim Platz 29",22889,Tangstedt,"04109 30 28 60"
Boehm,Sebastian,SebastianBoehm@armyspy.com,"Ruschestrasse 63",23957,Wismar,"03841 92 60 59"
,Marina,MarinaHolzman@teleworm.us,"Flotowstr. 95",06406,Bernburg,"03471 57 29 49"
,Alexander,AlexanderSchafer@dayrep.com,"Ollenhauer Str. 67",70599,"Stuttgart Schönberg","0711 45 59 36"
Ehrlichmann,Ines,InesEhrlichmann@fleckens.hu,"Kantstraße 32",91271,Auerbach,"03721 90 42 30"
Hirsch,Andreas,AndreasHirsch@einrot.com,"Holstenwall 63",06773,Bergwitz,"034921 27 41"
Schwartz,Paul,PaulSchwartz@fleckens.hu,"Pappelallee 59",99448,Barchfeld,"036961 22 44"
Eberhart,Jonas,,"Kastanienallee 65",26871,Papenburg,"04961 79 61 33"
Diederich,Alexander,,"Kieler Strasse 38",84467,Waldkraiburg,"08638 82 60 09"
Wirtz,Leonie,,"Flotowstr. 84",06202,Merseburg,"03461 46 77 74"
Werner,Ralf,,"Luebeckertordamm 70",91157,Hilpoltstein,"09171 58 76 50"
Weiss,Tobias,,"Marseiller Strasse 5",86739,Ederheim,"09081 17 47 25"
Kirsch,Dirk,DirkKirsch@jourrapide.com,"Landhausstraße 52",34431,Marsberg,"02991 43 81 09"
,Luca,LucaPeters@rhyta.com,"Knesebeckstrasse 29",54673,Leimbach,"02691 39 91 76"
Hahn,Markus,,"Spresstrasse 10",27568,"Bremerhaven Lehe","0471 12 37 34"
Furst,Maximilian,MaximilianFurst@fleckens.hu,"Brandenburgische Straße 26",13051,"Berlin Margarethenhöhe","030 82 02 26"
Beich,Heike,HeikeBeich@rhyta.com,"Rathausstrasse 79",90709,Fürth,"0911 29 13 03"
Herman,Petra,PetraHerman@superrito.com,"Grosse Praesidenten Str. 63",67715,Geiselberg,"06307 38 95 81"
,Dirk,DirkHofmann@jourrapide.com,"Karl-Liebknecht-Strasse 17",27321,Thedinghausen,"04204 49 60 05"
Bohm,Jürgen,JurgenBohm@rhyta.com,"Feldstrasse 67",39446,Löderburg,"039265 91 92"
Bader,Diana,DianaBader@rhyta.com,"Joachimstaler Str. 79",55494,Erbach,"06764 44 83 22"
Boehm,Sara,SaraBoehm@rhyta.com,"Lützowplatz 61",54578,Berndorf,"06593 26 75 14"
Barth,Daniela,DanielaBarth@einrot.com,"Hollander Strasse 77",56414,"Berod bei Wallmerod","06435 29 82 13"
Schwarz,Luca,,"Meinekestraße 39",27259,Freistatt,"05442 74 66 03"
Weiß,David,,"Invalidenstrasse 66",67483,Edesheim,"06323 97 98 01"
Theissen,Katharina,KatharinaTheissen@superrito.com,"Knesebeckstrasse 39",57639,Oberdreis,"02684 84 33 31"
,Ralf,RalfBergmann@jourrapide.com,"Büsingstrasse 95",85600,Zorneding,"08106 96 19 62"
Urner,Sophia,,"Budapester Strasse 89",27412,Vorwerk,"04283 33 74 67"
,Maria,MariaFassbinder@armyspy.com,"Schmarjestrasse 77",14790,Ziesar,"033830 18 90"
Neumann,Mario,MarioNeumann@superrito.com,"Gotzkowskystraße 32",47509,Rheurdt,"02833 57 38 27"
Jung,Jennifer,JenniferJung@superrito.com,"Hermannstrasse 91",74927,Eschelbronn,"06226 26 12 56"
,Leon,LeonReiniger@teleworm.us,"Meininger Strasse 40",66517,Neunkirchen,"06821 83 05 47"
,Doreen,DoreenWerner@gustr.com,"Jenaer Strasse 87",45219,Essen,"0201 40 71 74"
Bach,Monika,,"Straße der Pariser Kommune 23",52076,Aachen,"0241 81 97 09"
Nagel,Karolin,,"Hans-Grade-Allee 63",23875,Mölln,"04542 28 31 43"
,Felix,FelixBachmeier@cuvox.de,"Augsburger Strasse 3",57520,Schutzbach,"02743 33 73 89"
Herz,Felix,,"Bayreuther Strasse 2",89079,"Ulm Gögglingen","073 50 94 62"
Kirsch,Sven,SvenKirsch@fleckens.hu,"Lietzenburger Straße 50",15921,Luckau,"05843 90 57 96"
Probst,Barbara,BarbaraProbst@dayrep.com,"Brandenburgische Str 81",55413,Manubach,"06743 67 93 79"
Sanger,Katja,,"Anhalter Strasse 82",67725,Breunigweiler,"06357 93 90 62"
Fisher,Jürgen,JurgenFisher@rhyta.com,"Ruschestrasse 25",19297,Grabow,"03921 16 96 28"
Möller,Steffen,SteffenMoller@dayrep.com,"Albrechtstrasse 54",87403,Kempten,"0831 62 77 69"
Rothschild,Tom,TomRothschild@teleworm.us,"Billwerder Neuer Deich 28",96328,Küps,"09264 16 03 67"
,Leon,LeonLehmann@teleworm.us,"Luetzowplatz 20",77933,Lahr,"06566 24 15 61"
Unger,Thorsten,ThorstenUnger@armyspy.com,"Luckenwalder Strasse 36",31867,Hülsede,"05043 41 10 84"
,Daniel,DanielMeier@fleckens.hu,"Friedrichstrasse 54",40233,"Düsseldorf Flingern Nord","0211 86 60 62"
Pfaff,Uta,,"Hermannstrasse 93",69251,Gaiberg,"06223 35 75 23"
Baum,Dirk,,"Hermannstrasse 28",68649,Groß-Rohrheim,"06245 76 09 07"
Schweizer,Lea,LeaSchweizer@jourrapide.com,"Oldesloer Strasse 53",07584,"Bad Köstritz","036605 43 79"
Lehmann,Philipp,PhilippLehmann@dayrep.com,"Karl-Liebknecht-Strasse 2",24568,Kaltenkirchen,"04191 93 61 59"
Farber,Maximilian,MaximilianFarber@superrito.com,"Rosenstrasse 51",81476,München,"089 26 07 58"
Sanger,Leon,,"Nuernbergerstrasse 89",26676,Barßel,"04409 91 01 93"
Glockner,Antje,,"Mellingburgredder 55",91021,Erlangen,"09131 25 11 21"
Pfeifer,Lukas,LukasPfeifer@teleworm.us,"Kastanienallee 41",26524,Lütetsburg,"04931 27 25 54"
Baumgartner,Swen,SwenBaumgartner@fleckens.hu,"Pappelallee 50",36401,Vacha,"036962 97 99"
Bürger,Nadine,NadineBurger@fleckens.hu,"Holstenwall 66",06809,Petersroda,"034954 44 59"
,Thomas,ThomasGloeckner@teleworm.us,"Kurfürstendamm 74",18057,Rostock,"0381 73 13 56"
Gerber,Julia,JuliaGerber@superrito.com,"Jahnstrasse 81",83102,Tuntenhausen,"08061 69 87 48"
Bayer,Claudia,,"Waldowstr. 5",74595,Langenburg,"07904 81 38 31"
,Tanja,TanjaBrandt@cuvox.de,"Augsburger Strasse 12",53520,Hümmel,"02694 18 34 65"
Werner,Christina,ChristinaWerner@fleckens.hu,"Alsterkrugchaussee 88",91195,Lauf,"09123 67 46 79"
Schulze,Patrick,PatrickSchulze@armyspy.com,"Jenaer Strasse 17",45139,Essen,"0201 32 18 68"
Luft,Birgit,,"Rosenstrasse 73",81317,München,"089 72 09 98"
,Tom,TomBerg@teleworm.us,"Schoenebergerstrasse 54",54426,Schönberg,"03764 11 53 10"
,Leon,LeonHerrmann@fleckens.hu,"Marseiller Strasse 65",82456,Garmisch-Partenkirchen,"08821 54 23 63"
Hoover,Brigitte,BrigitteHoover@fleckens.hu,"Schönwalder Allee 19",23746,Kellenhusen,"04364 76 56 07"
Rothstein,Peter,,"Meinekestraße 44",49577,Eggermühlen,"05462 13 75 46"
Zimmer,Kevin,KevinZimmer@teleworm.us,"Luetzowplatz 40",54668,Alsdorf,"06568 63 62 60"
Decker,Uwe,UweDecker@fleckens.hu,"Rohrdamm 7",31840,"Hessisch Oldendorf","05152 73 54 97"
Kaiser,Erik,ErikKaiser@gustr.com,"Schaarsteinweg 39",92551,Stulln,"09433 19 01 02"
Ackermann,Anna,AnnaAckermann@armyspy.com,"Kurfürstendamm 98",18123,Rostock,"0381 94 93 71"
Frei,Maria,,"Luebeckertordamm 7",91172,Spalt,"09172 66 28 46"
Hoffmann,Ursula,UrsulaHoffmann@cuvox.de,"Hoheluftchaussee 3",04463,Großpösna,"034297 91 18"
,Michael,MichaelHuber@rhyta.com,"Mühlenstrasse 8",93024,Regensburg,"0941 61 93 39"
König,Luca,,"Billwerder Neuer Deich 4",95469,Speichersdorf,"09275 85 30 41"
,Barbara,BarbaraShuster@superrito.com,"Fugger Strasse 80",14480,Potsdam,"0331 41 31 91"
Eichelberger,Andreas,,"Ellmenreichstrasse 52",95346,Stadtsteinach,"09223 92 82 30"
Herrmann,Ulrich,,"Brandenburgische Straße 47",12099,"Berlin Neukölln","030 85 79 37"
Strauss,Klaudia,KlaudiaStrauss@teleworm.us,"Rankestraße 39",94136,Thyrnau,"08501 66 30 39"
,Melanie,MelanieBaer@teleworm.us,"Lietzensee-Ufer 38",02806,Görlitz,"03581 37 89 28"
Luft,Sara,,"Büsingstrasse 91",85238,Petershausen,"08137 55 73 73"
Hoffmann,Patrick,PatrickHoffmann@armyspy.com,"Gotthardstrasse 99",09028,Chemnitz,"0371 41 78 01"
Beckenbauer,Michael,MichaelBeckenbauer@jourrapide.com,"Reeperbahn 12",18445,Altenpleen,"038323 49 43"
Achen,Uwe,UweAchen@gustr.com,"Brandenburgische Straße 56",10318,"Berlin Karlshorst","030 81 39 59"
Maurer,Ulrike,UlrikeMaurer@jourrapide.com,"Gubener Str. 77",83604,Holzkirchen,"08024 74 82 84"
Nacht,Doreen,DoreenNacht@armyspy.com,"Lietzensee-Ufer 21",02967,Hoyerswerda,"03571 84 88 64"
Kortig,Juliane,JulianeKortig@teleworm.us,"Rudolstaedter Strasse 77",49751,Werpeloh,"05952 13 01 34"
Kortig,Susanne,,"Bayreuther Strasse 39",89075,"Ulm Böfingen","073 45 04 19"
,Lucas,LucasBohm@gustr.com,"An der Schillingbrucke 84",88436,Eberhardzell,"07355 67 70 10"
Seiler,Manuela,,"Rudower Chaussee 40",46236,"Bottrop Nord-Ost-Innenstadt","02045 55 95 25"
Goldschmidt,Nicole,NicoleGoldschmidt@einrot.com,"Feldstrasse 23",39517,Bertingen,"039363 36 83"
,Thorsten,ThorstenOster@armyspy.com,"Kantstrasse 1",90429,Nürnberg,"0911 46 90 19"
Bohm,Uwe,,"Unter den Linden 85",17006,Neubrandenburg,"0395 45 06 73"
Kaiser,Klaus,KlausKaiser@gustr.com,"Koepenicker Str. 26",55758,Vollmersbach,"06781 70 47 23"
Pabst,Jana,JanaPabst@rhyta.com,"Rankestraße 66",94055,Pocking,"08503 50 41 24"
Schultheiss,Monika,,"Schaarsteinweg 52",84085,Langquaid,"09452 94 25 01"
Gruenewald,Tobias,TobiasGruenewald@dayrep.com,"Hoheluftchaussee 34",04461,Großpösna,"034297 11 23"
Kuster,Lukas,LukasKuster@dayrep.com,"Augsburger Straße 3",58455,"Witten Mitte","02302 34 25 68"
,Nicole,NicoleKuster@armyspy.com,"Leopoldstraße 41",10243,"Berlin Friedrichshain","030 67 37 07"
,Tobias,TobiasFaber@jourrapide.com,"Lützowplatz 77",54429,Mandern,"06589 64 46 63"
Neudorf,Marko,MarkoNeudorf@armyspy.com,"Paul-Nevermann-Platz 37",97402,Schweinfurt,"09721 65 36 58"
Zimmerman,Stephanie,StephanieZimmerman@fleckens.hu,"Brandenburgische Straße 10",12559,"Berlin Köpenick","030 61 69 03"
Neumann,Paul,PaulNeumann@fleckens.hu,"Schillerstrasse 55",86545,Aichach,"08207 67 33 68"
Kaestner,Paul,PaulKaestner@jourrapide.com,"Flotowstr. 40",04614,Rositz,"03447 94 44 52"
Scholz,Manuela,ManuelaScholz@teleworm.us,"Budapester Strasse 43",27254,Siedenburg,"04272 21 38 34"
Amsel,Thorsten,,"Hermannstrasse 62",69257,Wiesenbach,"06223 81 16 47"
,Lucas,LucasWeissmuller@superrito.com,"Mohrenstrasse 36",88499,Emeringen,"07373 22 99 97"
,Ulrich,UlrichWalter@dayrep.com,"Am Borsigturm 19",47800,Krefeld,"02151 23 23 04"
Dresner,Andrea,,"Ansbacher Strasse 42",56858,Belg,"06543 69 19 03"
,Lisa,LisaRothschild@fleckens.hu,"Bayreuther Strasse 37",72762,"Reutlingen Lerchenbuckel","071 59 73 24"
Muller,Heike,HeikeMuller@superrito.com,"Leipziger Strasse 30",54295,"Trier Kürenz","0651 89 78 61"
Ostermann,Julia,,"Stresemannstr. 38",66723,Saarlouis,"06831 28 37 34"
Decker,Lukas,,"Gotthardstrasse 69",99015,Erfurt,"0361 90 53 20"
Beich,Marco,MarcoBeich@jourrapide.com,"Eschenweg 83",96509,Sonneberg,"03675 74 46 17"
Muller,Marco,,"Bissingzeile 85",27628,Bramstedt,"04746 29 82 74"