Friedmann,Johanna,JohannaFriedmann@einrot.com,"Billwerder Neuer Deich 4",95458,"Bad Berneck","09273 83 96 33"
Schreiner,Alexander,AlexanderSchreiner@einrot.com,"Kastanienallee 59",25889,Uelvesbüll,"04864 55 44 92"
Freud,Benjamin,BenjaminFreud@fleckens.hu,"Prenzlauer Allee 11",04189,Leipzig,"0341 84 86 57"
Frueh,Steffen,SteffenFrueh@einrot.com,"Billwerder Neuer Deich 52",96265,Mitwitz,"09266 73 33 21"
Lemann,Kristin,KristinLemann@jourrapide.com,"Billwerder Neuer Deich 59",96356,Teuschnitz,"09268 80 52 06"
Gruenewald,Kerstin,KerstinGruenewald@armyspy.com,"Genterstrasse 67",24029,Kiel,"0431 47 92 18"
Barth,Sven,SvenBarth@einrot.com,"Park Str. 58",40211,"Düsseldorf Stadtmitte","0211 83 78 84"
Scholz,Angelika,AngelikaScholz@superrito.com,"Güntzelstrasse 56",54518,Minheim,"06507 84 28 72"
Kohler,Maik,MaikKohler@fleckens.hu,"Schönwalder Allee 92",24229,Dänischenhagen,"04349 92 37 60"
Scherer,Kristian,KristianScherer@einrot.com,"Knesebeckstraße 63",52499,Baesweiler,"02401 89 88 69"
Wolf,Karolin,KarolinWolf@armyspy.com,"Rathausstrasse 54",90011,Nürnberg,"0911 36 90 80"
Wulf,Ursula,UrsulaWulf@superrito.com,"Alt-Moabit 73",04572,Deutzen,"03433 66 86 71"
Maier,Christin,ChristinMaier@fleckens.hu,"Gotzkowskystrasse 5",56814,Faid,"02671 65 10 57"
Kohler,Florian,FlorianKohler@teleworm.us,"Charlottenstrasse 63",03009,Cottbus,"0355 69 84 89"
Gottschalk,Franziska,FranziskaGottschalk@rhyta.com,"Esplanade 48",63907,Klingenberg,"09372 76 94 62"
Ritter,Ulrich,UlrichRitter@dayrep.com,"Hardenbergstraße 57",66887,Niederalben,"06387 20 41 23"
Amsel,Wolfgang,WolfgangAmsel@superrito.com,"Kastanienallee 3",24591,Hohenwestedt,"04871 15 25 44"
Cole,Anja,AnjaCole@cuvox.de,"Meininger Strasse 59",66514,Neunkirchen,"06821 23 17 01"
Baier,Christin,ChristinBaier@gustr.com,"Lietzenburger Straße 56",29471,Gartow,"05846 45 86 89"
Theissen,Maik,MaikTheissen@rhyta.com,"Brandenburgische Str 3",55569,Monzingen,"06751 73 66 54"
Roth,Diana,DianaRoth@cuvox.de,"Stresemannstr. 58",66802,Überherrn,"06836 73 23 11"
Luft,Birgit,BirgitLuft@armyspy.com,"Rosenstrasse 73",81317,München,"089 72 09 98"
Nadel,Uta,UtaNadel@einrot.com,"Paderborner Strasse 30",86570,Inchenhofen,"08253 43 99 49"
Grunwald,Antje,AntjeGrunwald@armyspy.com,"Boxhagener Str. 61",21079,"Hamburg Harburg","040 44 79 59"
Ebersbach,Julia,JuliaEbersbach@einrot.com,"Alt Reinickendorf 63",86405,Meitingen,"08271 37 47 60"
Nagel,Sabrina,SabrinaNagel@gustr.com,"Luckenwalder Strasse 25",31619,Binnen,"05023 66 97 34"
Nussbaum,Martina,MartinaNussbaum@superrito.com,"Fontenay 19",95680,"Bad Alexandersbad","09231 78 60 32"
Faerber,Christin,ChristinFaerber@jourrapide.com,"Rohrdamm 85",32051,"Herford Laar","05221 86 81 74"
Kunze,Anke,AnkeKunze@teleworm.us,"Rankestraße 56",94053,Pocking,"08503 47 92 77"
Eisenhower,Jan,JanEisenhower@superrito.com,"Pohlstrasse 77",38315,Werlaburgdorf,"05334 17 85 72"
Baumgartner,Lisa,LisaBaumgartner@cuvox.de,"Kurfuerstendamm 63",85742,Garching,"089 74 93 73"
Schulze,Ulrike,UlrikeSchulze@teleworm.us,"Rudower Strasse 57",54597,Ormont,"06556 86 69 12"
Hertz,Ines,InesHertz@cuvox.de,"Paul-Nevermann-Platz 8",97631,"Bad Königshofen","09761 66 22 61"